frame,ID,X,Y,Class,Color,Position
3,1,734,334,Player,red,Defense
3,2,450,534,Player,red,Defense
3,3,550,184,Player,red,Defense
3,4,838,159,Player,red,Defense
3,5,404,105,Player,red,Defense
3,6,1080,316,Player,red,Defense
3,7,865,104,Player,red,Defense
3,8,132,113,Player,red,Defense
3,9,1050,276,Player,red,Defense
3,11,1067,194,Player,red,Defense
3,12,157,107,Player,red,Defense
4,1,734,334,Player,red,Defense
4,2,444,514,Player,red,Defense
4,3,550,184,Player,red,Defense
4,4,826,161,Player,red,Defense
4,5,404,104,Player,red,Defense
4,6,1080,316,Player,red,Defense
4,7,865,104,Player,red,Defense
4,8,132,126,Player,red,Defense
4,9,1050,275,Player,red,Defense
4,10,1246,379,Player,red,Defense
4,11,1066,195,Player,red,Defense
4,12,156,105,Player,red,Defense
4,14,20,187,Player,red,Defense
4,0,438,378,Ball,blue,Ball
4,0,458,255,Ball,blue,Ball
5,1,734,334,Player,red,Defense
5,2,448,514,Player,red,Defense
5,3,550,184,Player,red,Defense
5,4,826,161,Player,red,Defense
5,5,404,104,Player,red,Defense
5,6,1080,316,Player,red,Defense
5,7,865,104,Player,red,Defense
5,8,132,129,Player,red,Defense
5,9,1050,275,Player,red,Defense
5,10,1246,379,Player,red,Defense
5,11,1066,195,Player,red,Defense
5,12,156,105,Player,red,Defense
5,14,20,187,Player,red,Defense
5,0,460,255,Ball,blue,Ball
6,1,734,334,Player,red,Defense
6,2,451,510,Player,red,Defense
6,3,550,184,Player,red,Defense
6,4,825,161,Player,red,Defense
6,5,404,104,Player,red,Defense
6,6,1080,316,Player,red,Defense
6,7,865,104,Player,red,Defense
6,8,132,130,Player,red,Defense
6,9,1050,275,Player,red,Defense
6,11,1066,194,Player,red,Defense
6,12,156,105,Player,red,Defense
6,14,20,187,Player,red,Defense
6,0,461,256,Ball,blue,Ball
7,1,734,334,Player,red,Defense
7,2,452,491,Player,red,Defense
7,3,552,184,Player,red,Defense
7,4,820,160,Player,red,Defense
7,5,404,104,Player,red,Defense
7,6,1080,316,Player,red,Defense
7,7,864,104,Player,red,Defense
7,8,132,127,Player,red,Defense
7,9,1050,276,Player,red,Defense
7,11,1066,194,Player,red,Defense
7,12,156,105,Player,red,Defense
7,14,20,187,Player,red,Defense
7,0,554,256,Ball,blue,Ball
8,1,734,334,Player,red,Defense
8,2,448,489,Player,red,Defense
8,3,552,185,Player,red,Defense
8,4,818,161,Player,red,Defense
8,5,404,104,Player,red,Defense
8,6,1080,316,Player,red,Defense
8,7,864,104,Player,red,Defense
8,8,132,127,Player,red,Defense
8,9,1050,276,Player,red,Defense
8,11,1066,194,Player,red,Defense
8,12,156,105,Player,red,Defense
8,14,20,187,Player,red,Defense
9,1,734,335,Player,red,Defense
9,2,442,489,Player,red,Defense
9,3,552,185,Player,red,Defense
9,4,816,161,Player,red,Defense
9,5,404,104,Player,red,Defense
9,6,1080,316,Player,red,Defense
9,7,864,104,Player,red,Defense
9,8,132,126,Player,red,Defense
9,9,1050,275,Player,red,Defense
9,11,1066,194,Player,red,Defense
9,12,156,105,Player,red,Defense
9,14,20,187,Player,red,Defense
10,1,734,334,Player,red,Defense
10,2,438,495,Player,red,Defense
10,3,552,185,Player,red,Defense
10,4,814,161,Player,red,Defense
10,5,404,104,Player,red,Defense
10,6,1080,316,Player,red,Defense
10,7,864,104,Player,red,Defense
10,8,132,119,Player,red,Defense
10,9,1050,276,Player,red,Defense
10,11,1066,196,Player,red,Defense
10,12,156,105,Player,red,Defense
10,14,20,188,Player,red,Defense
10,0,482,463,Ball,blue,Ball
11,1,734,334,Player,red,Defense
11,2,436,499,Player,red,Defense
11,3,552,185,Player,red,Defense
11,4,814,161,Player,red,Defense
11,5,405,104,Player,red,Defense
11,6,1080,316,Player,red,Defense
11,7,864,104,Player,red,Defense
11,8,132,116,Player,red,Defense
11,9,1050,276,Player,red,Defense
11,11,1066,196,Player,red,Defense
11,12,156,105,Player,red,Defense
11,14,20,188,Player,red,Defense
12,1,734,334,Player,red,Defense
12,2,440,500,Player,red,Defense
12,3,552,185,Player,red,Defense
12,4,814,161,Player,red,Defense
12,5,405,104,Player,red,Defense
12,6,1080,316,Player,red,Defense
12,7,864,104,Player,red,Defense
12,8,132,115,Player,red,Defense
12,9,1050,276,Player,red,Defense
12,11,1066,197,Player,red,Defense
12,14,20,188,Player,red,Defense
12,0,667,232,Ball,blue,Ball
13,1,734,333,Player,red,Defense
13,2,446,501,Player,red,Defense
13,3,552,184,Player,red,Defense
13,4,814,161,Player,red,Defense
13,5,405,104,Player,red,Defense
13,6,1080,316,Player,red,Defense
13,7,864,104,Player,red,Defense
13,8,132,115,Player,red,Defense
13,9,1050,276,Player,red,Defense
13,11,1066,197,Player,red,Defense
13,14,20,188,Player,red,Defense
14,1,732,332,Player,red,Defense
14,2,454,501,Player,red,Defense
14,3,552,184,Player,red,Defense
14,4,814,161,Player,red,Defense
14,5,405,104,Player,red,Defense
14,6,1080,316,Player,red,Defense
14,7,864,104,Player,red,Defense
14,8,132,116,Player,red,Defense
14,9,1050,276,Player,red,Defense
14,11,1066,197,Player,red,Defense
14,14,20,188,Player,red,Defense
15,1,729,331,Player,red,Defense
15,2,460,502,Player,red,Defense
15,3,553,185,Player,red,Defense
15,4,813,161,Player,red,Defense
15,5,405,104,Player,red,Defense
15,6,1080,316,Player,red,Defense
15,7,864,104,Player,red,Defense
15,8,132,117,Player,red,Defense
15,9,1050,276,Player,red,Defense
15,11,1066,197,Player,red,Defense
15,14,20,188,Player,red,Defense
15,0,708,217,Ball,blue,Ball
16,1,727,330,Player,red,Defense
16,2,463,501,Player,red,Defense
16,3,553,185,Player,red,Defense
16,4,812,161,Player,red,Defense
16,5,405,104,Player,red,Defense
16,6,1080,316,Player,red,Defense
16,7,864,104,Player,red,Defense
16,8,132,115,Player,red,Defense
16,9,1050,276,Player,red,Defense
16,11,1066,197,Player,red,Defense
16,14,20,188,Player,red,Defense
16,0,718,194,Ball,blue,Ball
17,1,724,331,Player,red,Defense
17,2,464,500,Player,red,Defense
17,3,553,185,Player,red,Defense
17,4,814,161,Player,red,Defense
17,5,405,104,Player,red,Defense
17,6,1080,316,Player,red,Defense
17,7,864,104,Player,red,Defense
17,8,132,114,Player,red,Defense
17,9,1050,276,Player,red,Defense
17,11,1066,197,Player,red,Defense
17,14,20,188,Player,red,Defense
18,1,723,331,Player,red,Defense
18,2,462,496,Player,red,Defense
18,3,553,184,Player,red,Defense
18,4,814,161,Player,red,Defense
18,5,405,104,Player,red,Defense
18,6,1080,316,Player,red,Defense
18,7,864,104,Player,red,Defense
18,8,132,113,Player,red,Defense
18,9,1050,276,Player,red,Defense
18,11,1066,196,Player,red,Defense
18,14,20,188,Player,red,Defense
18,0,736,161,Ball,blue,Ball
19,1,722,330,Player,red,Defense
19,2,462,489,Player,red,Defense
19,3,554,185,Player,red,Defense
19,4,814,161,Player,red,Defense
19,5,405,104,Player,red,Defense
19,6,1080,316,Player,red,Defense
19,7,864,104,Player,red,Defense
19,8,132,113,Player,red,Defense
19,9,1050,276,Player,red,Defense
19,11,1066,196,Player,red,Defense
19,14,20,187,Player,red,Defense
19,0,743,148,Ball,blue,Ball
20,1,722,330,Player,red,Defense
20,2,464,483,Player,red,Defense
20,3,554,185,Player,red,Defense
20,4,814,162,Player,red,Defense
20,5,405,104,Player,red,Defense
20,6,1080,316,Player,red,Defense
20,7,864,104,Player,red,Defense
20,8,132,112,Player,red,Defense
20,9,1050,276,Player,red,Defense
20,11,1066,196,Player,red,Defense
20,14,20,186,Player,red,Defense
20,0,752,135,Ball,blue,Ball
21,1,722,329,Player,red,Defense
21,2,464,482,Player,red,Defense
21,3,554,184,Player,red,Defense
21,4,812,162,Player,red,Defense
21,5,405,104,Player,red,Defense
21,6,1080,316,Player,red,Defense
21,7,864,104,Player,red,Defense
21,8,132,113,Player,red,Defense
21,9,1050,276,Player,red,Defense
21,11,1066,196,Player,red,Defense
21,14,20,186,Player,red,Defense
21,0,760,123,Ball,blue,Ball
22,1,724,327,Player,red,Defense
22,2,466,481,Player,red,Defense
22,3,555,183,Player,red,Defense
22,4,810,161,Player,red,Defense
22,5,405,104,Player,red,Defense
22,6,1080,315,Player,red,Defense
22,7,864,104,Player,red,Defense
22,8,132,113,Player,red,Defense
22,9,1050,276,Player,red,Defense
22,11,1066,196,Player,red,Defense
22,14,20,186,Player,red,Defense
22,0,770,115,Ball,blue,Ball
23,1,726,324,Player,red,Defense
23,2,466,478,Player,red,Defense
23,3,556,183,Player,red,Defense
23,4,809,160,Player,red,Defense
23,5,405,104,Player,red,Defense
23,6,1080,316,Player,red,Defense
23,7,864,104,Player,red,Defense
23,8,132,114,Player,red,Defense
23,9,1050,276,Player,red,Defense
23,11,1066,196,Player,red,Defense
23,14,20,187,Player,red,Defense
23,0,756,114,Ball,blue,Ball
24,1,728,320,Player,red,Defense
24,2,466,474,Player,red,Defense
24,3,556,183,Player,red,Defense
24,4,808,160,Player,red,Defense
24,5,405,104,Player,red,Defense
24,6,1080,315,Player,red,Defense
24,7,864,104,Player,red,Defense
24,8,132,114,Player,red,Defense
24,9,1050,276,Player,red,Defense
24,11,1066,196,Player,red,Defense
24,14,20,188,Player,red,Defense
24,40,1207,167,Player,red,Defense
25,1,730,318,Player,red,Defense
25,2,466,465,Player,red,Defense
25,3,557,183,Player,red,Defense
25,4,807,161,Player,red,Defense
25,5,404,105,Player,red,Defense
25,6,1080,316,Player,red,Defense
25,7,864,105,Player,red,Defense
25,8,133,114,Player,red,Defense
25,9,1050,276,Player,red,Defense
25,11,1067,196,Player,red,Defense
25,14,20,188,Player,red,Defense
25,40,1206,166,Player,red,Defense
25,0,730,119,Ball,blue,Ball
26,1,733,318,Player,red,Defense
26,2,466,459,Player,red,Defense
26,3,557,183,Player,red,Defense
26,4,806,161,Player,red,Defense
26,5,404,104,Player,red,Defense
26,6,1080,316,Player,red,Defense
26,7,864,105,Player,red,Defense
26,8,133,115,Player,red,Defense
26,9,1050,276,Player,red,Defense
26,11,1067,196,Player,red,Defense
26,14,20,188,Player,red,Defense
26,40,1206,166,Player,red,Defense
26,0,717,121,Ball,blue,Ball
27,1,734,318,Player,red,Defense
27,2,465,453,Player,red,Defense
27,3,558,182,Player,red,Defense
27,4,806,161,Player,red,Defense
27,5,404,104,Player,red,Defense
27,6,1080,316,Player,red,Defense
27,7,864,105,Player,red,Defense
27,8,133,115,Player,red,Defense
27,11,1067,196,Player,red,Defense
27,14,20,188,Player,red,Defense
27,40,1206,166,Player,red,Defense
27,0,702,123,Ball,blue,Ball
28,1,734,317,Player,red,Defense
28,2,466,448,Player,red,Defense
28,3,558,182,Player,red,Defense
28,4,804,162,Player,red,Defense
28,5,405,104,Player,red,Defense
28,6,1080,316,Player,red,Defense
28,7,864,105,Player,red,Defense
28,8,133,115,Player,red,Defense
28,11,1067,196,Player,red,Defense
28,14,20,188,Player,red,Defense
28,40,1206,166,Player,red,Defense
28,0,687,129,Ball,blue,Ball
29,1,735,316,Player,red,Defense
29,2,466,444,Player,red,Defense
29,3,558,183,Player,red,Defense
29,4,803,163,Player,red,Defense
29,5,404,105,Player,red,Defense
29,6,1080,316,Player,red,Defense
29,7,864,105,Player,red,Defense
29,8,134,115,Player,red,Defense
29,11,1067,196,Player,red,Defense
29,14,20,188,Player,red,Defense
29,40,1206,167,Player,red,Defense
29,0,672,135,Ball,blue,Ball
30,1,736,315,Player,red,Defense
30,2,466,442,Player,red,Defense
30,3,558,183,Player,red,Defense
30,4,802,163,Player,red,Defense
30,5,404,104,Player,red,Defense
30,6,1080,316,Player,red,Defense
30,7,864,105,Player,red,Defense
30,8,133,114,Player,red,Defense
30,11,1066,196,Player,red,Defense
30,14,20,188,Player,red,Defense
30,40,1206,166,Player,red,Defense
30,0,656,143,Ball,blue,Ball
31,1,737,315,Player,red,Defense
31,2,466,442,Player,red,Defense
31,3,557,183,Player,red,Defense
31,4,801,164,Player,red,Defense
31,5,405,104,Player,red,Defense
31,6,1080,316,Player,red,Defense
31,7,864,105,Player,red,Defense
31,8,133,114,Player,red,Defense
31,11,1066,196,Player,red,Defense
31,14,20,188,Player,red,Defense
31,40,1206,166,Player,red,Defense
31,0,640,150,Ball,blue,Ball
32,1,736,314,Player,red,Defense
32,2,464,443,Player,red,Defense
32,3,556,182,Player,red,Defense
32,4,800,164,Player,red,Defense
32,5,405,104,Player,red,Defense
32,6,1080,316,Player,red,Defense
32,7,864,105,Player,red,Defense
32,8,133,113,Player,red,Defense
32,11,1066,196,Player,red,Defense
32,14,20,188,Player,red,Defense
32,40,1206,166,Player,red,Defense
32,0,624,159,Ball,blue,Ball
33,1,734,314,Player,red,Defense
33,2,464,442,Player,red,Defense
33,3,554,183,Player,red,Defense
33,4,798,164,Player,red,Defense
33,5,405,104,Player,red,Defense
33,6,1080,316,Player,red,Defense
33,7,864,105,Player,red,Defense
33,8,133,113,Player,red,Defense
33,11,1066,196,Player,red,Defense
33,14,20,188,Player,red,Defense
33,40,1206,166,Player,red,Defense
33,0,606,170,Ball,blue,Ball
34,1,732,313,Player,red,Defense
34,2,466,440,Player,red,Defense
34,3,554,184,Player,red,Defense
34,4,798,163,Player,red,Defense
34,5,405,104,Player,red,Defense
34,6,1080,316,Player,red,Defense
34,7,864,105,Player,red,Defense
34,8,133,113,Player,red,Defense
34,11,1066,196,Player,red,Defense
34,14,20,188,Player,red,Defense
34,40,1206,166,Player,red,Defense
35,1,731,313,Player,red,Defense
35,2,463,439,Player,red,Defense
35,3,554,187,Player,red,Defense
35,4,798,163,Player,red,Defense
35,5,405,104,Player,red,Defense
35,6,1080,316,Player,red,Defense
35,7,864,105,Player,red,Defense
35,8,133,114,Player,red,Defense
35,9,1050,276,Player,red,Defense
35,11,1066,196,Player,red,Defense
35,14,20,188,Player,red,Defense
35,40,1206,166,Player,red,Defense
36,1,730,313,Player,red,Defense
36,2,458,437,Player,red,Defense
36,3,554,184,Player,red,Defense
36,4,798,163,Player,red,Defense
36,5,405,104,Player,red,Defense
36,6,1079,316,Player,red,Defense
36,7,864,105,Player,red,Defense
36,8,133,114,Player,red,Defense
36,9,1050,276,Player,red,Defense
36,11,1066,196,Player,red,Defense
36,14,20,188,Player,red,Defense
36,40,1206,166,Player,red,Defense
36,0,553,205,Ball,blue,Ball
37,1,730,313,Player,red,Defense
37,2,452,435,Player,red,Defense
37,3,553,184,Player,red,Defense
37,4,797,164,Player,red,Defense
37,5,405,104,Player,red,Defense
37,6,1079,316,Player,red,Defense
37,7,864,105,Player,red,Defense
37,8,133,114,Player,red,Defense
37,9,1050,276,Player,red,Defense
37,11,1066,196,Player,red,Defense
37,14,20,188,Player,red,Defense
37,40,1206,166,Player,red,Defense
37,0,534,220,Ball,blue,Ball
38,1,730,313,Player,red,Defense
38,2,447,430,Player,red,Defense
38,3,552,184,Player,red,Defense
38,4,798,165,Player,red,Defense
38,5,405,104,Player,red,Defense
38,6,1079,316,Player,red,Defense
38,7,864,105,Player,red,Defense
38,8,133,114,Player,red,Defense
38,9,1050,276,Player,red,Defense
38,11,1066,196,Player,red,Defense
38,14,20,188,Player,red,Defense
38,40,1206,166,Player,red,Defense
38,0,514,237,Ball,blue,Ball
39,1,730,313,Player,red,Defense
39,2,446,425,Player,red,Defense
39,3,551,184,Player,red,Defense
39,4,796,165,Player,red,Defense
39,5,405,104,Player,red,Defense
39,6,1079,316,Player,red,Defense
39,7,864,105,Player,red,Defense
39,8,133,115,Player,red,Defense
39,9,1050,276,Player,red,Defense
39,11,1066,196,Player,red,Defense
39,14,20,188,Player,red,Defense
39,40,1206,166,Player,red,Defense
39,0,493,254,Ball,blue,Ball
40,1,730,313,Player,red,Defense
40,2,448,421,Player,red,Defense
40,3,549,185,Player,red,Defense
40,4,798,165,Player,red,Defense
40,5,405,104,Player,red,Defense
40,6,1079,316,Player,red,Defense
40,7,864,105,Player,red,Defense
40,8,133,118,Player,red,Defense
40,9,1050,276,Player,red,Defense
40,11,1066,196,Player,red,Defense
40,14,20,188,Player,red,Defense
40,0,474,271,Ball,blue,Ball
41,1,730,313,Player,red,Defense
41,2,449,419,Player,red,Defense
41,3,547,186,Player,red,Defense
41,4,796,164,Player,red,Defense
41,5,405,104,Player,red,Defense
41,6,1079,316,Player,red,Defense
41,7,864,105,Player,red,Defense
41,8,132,119,Player,red,Defense
41,9,1050,276,Player,red,Defense
41,11,1066,196,Player,red,Defense
41,14,20,188,Player,red,Defense
41,0,454,289,Ball,blue,Ball
42,1,728,313,Player,red,Defense
42,2,450,419,Player,red,Defense
42,3,547,186,Player,red,Defense
42,4,795,164,Player,red,Defense
42,5,405,104,Player,red,Defense
42,6,1079,316,Player,red,Defense
42,7,864,105,Player,red,Defense
42,8,132,119,Player,red,Defense
42,9,1050,276,Player,red,Defense
42,10,1246,380,Player,red,Defense
42,11,1066,196,Player,red,Defense
42,14,20,188,Player,red,Defense
42,0,384,352,Ball,blue,Ball
43,1,725,313,Player,red,Defense
43,2,452,419,Player,red,Defense
43,3,547,186,Player,red,Defense
43,4,796,164,Player,red,Defense
43,5,405,104,Player,red,Defense
43,6,1079,316,Player,red,Defense
43,7,864,105,Player,red,Defense
43,8,132,119,Player,red,Defense
43,9,1050,276,Player,red,Defense
43,11,1066,196,Player,red,Defense
43,14,20,188,Player,red,Defense
43,0,384,351,Ball,blue,Ball
44,1,722,313,Player,red,Defense
44,2,452,418,Player,red,Defense
44,3,547,186,Player,red,Defense
44,4,796,164,Player,red,Defense
44,5,405,104,Player,red,Defense
44,6,1079,316,Player,red,Defense
44,7,864,105,Player,red,Defense
44,8,132,115,Player,red,Defense
44,9,1050,276,Player,red,Defense
44,11,1066,196,Player,red,Defense
44,14,20,188,Player,red,Defense
44,0,383,350,Ball,blue,Ball
45,1,718,313,Player,red,Defense
45,2,456,417,Player,red,Defense
45,3,548,185,Player,red,Defense
45,4,795,165,Player,red,Defense
45,5,405,104,Player,red,Defense
45,6,1079,316,Player,red,Defense
45,7,864,105,Player,red,Defense
45,8,132,113,Player,red,Defense
45,9,1050,276,Player,red,Defense
45,11,1066,196,Player,red,Defense
45,14,20,188,Player,red,Defense
45,0,382,350,Ball,blue,Ball
46,1,717,314,Player,red,Defense
46,2,456,414,Player,red,Defense
46,3,548,185,Player,red,Defense
46,4,794,166,Player,red,Defense
46,5,405,104,Player,red,Defense
46,6,1079,316,Player,red,Defense
46,7,864,105,Player,red,Defense
46,8,132,113,Player,red,Defense
46,9,1050,276,Player,red,Defense
46,11,1066,196,Player,red,Defense
46,14,20,188,Player,red,Defense
46,0,382,349,Ball,blue,Ball
47,1,716,315,Player,red,Defense
47,2,456,411,Player,red,Defense
47,3,548,184,Player,red,Defense
47,4,794,169,Player,red,Defense
47,5,405,104,Player,red,Defense
47,6,1079,316,Player,red,Defense
47,7,864,105,Player,red,Defense
47,8,132,114,Player,red,Defense
47,9,1050,276,Player,red,Defense
47,11,1066,196,Player,red,Defense
47,14,19,188,Player,red,Defense
47,0,382,348,Ball,blue,Ball
48,1,714,317,Player,red,Defense
48,2,454,406,Player,red,Defense
48,3,550,184,Player,red,Defense
48,4,794,171,Player,red,Defense
48,5,405,104,Player,red,Defense
48,6,1079,316,Player,red,Defense
48,7,864,105,Player,red,Defense
48,8,132,114,Player,red,Defense
48,9,1050,276,Player,red,Defense
48,11,1066,196,Player,red,Defense
48,14,19,188,Player,red,Defense
48,0,526,269,Ball,blue,Ball
49,1,712,318,Player,red,Defense
49,2,453,401,Player,red,Defense
49,3,550,183,Player,red,Defense
49,4,792,172,Player,red,Defense
49,5,405,104,Player,red,Defense
49,6,1079,316,Player,red,Defense
49,7,864,105,Player,red,Defense
49,8,132,115,Player,red,Defense
49,9,1050,276,Player,red,Defense
49,11,1065,196,Player,red,Defense
49,14,19,188,Player,red,Defense
49,0,552,258,Ball,blue,Ball
50,1,708,320,Player,red,Defense
50,2,452,394,Player,red,Defense
50,3,551,183,Player,red,Defense
50,4,790,173,Player,red,Defense
50,5,404,104,Player,red,Defense
50,6,1079,316,Player,red,Defense
50,7,864,105,Player,red,Defense
50,8,132,116,Player,red,Defense
50,9,1050,276,Player,red,Defense
50,11,1065,196,Player,red,Defense
50,14,19,188,Player,red,Defense
50,40,1206,166,Player,red,Defense
51,1,706,323,Player,red,Defense
51,2,450,387,Player,red,Defense
51,3,552,183,Player,red,Defense
51,4,790,174,Player,red,Defense
51,5,404,104,Player,red,Defense
51,6,1079,316,Player,red,Defense
51,7,864,105,Player,red,Defense
51,8,132,115,Player,red,Defense
51,9,1050,276,Player,red,Defense
51,11,1066,196,Player,red,Defense
51,14,19,188,Player,red,Defense
51,40,1206,166,Player,red,Defense
51,0,600,236,Ball,blue,Ball
52,1,703,326,Player,red,Defense
52,2,446,383,Player,red,Defense
52,3,552,183,Player,red,Defense
52,4,789,174,Player,red,Defense
52,5,404,105,Player,red,Defense
52,6,1078,316,Player,red,Defense
52,7,864,105,Player,red,Defense
52,8,132,111,Player,red,Defense
52,9,1050,276,Player,red,Defense
52,11,1066,196,Player,red,Defense
52,14,19,188,Player,red,Defense
52,40,1206,166,Player,red,Defense
53,1,701,328,Player,red,Defense
53,2,443,380,Player,red,Defense
53,3,552,183,Player,red,Defense
53,4,790,174,Player,red,Defense
53,5,404,104,Player,red,Defense
53,6,1078,316,Player,red,Defense
53,7,864,105,Player,red,Defense
53,8,132,110,Player,red,Defense
53,9,1050,276,Player,red,Defense
53,11,1066,196,Player,red,Defense
53,14,19,188,Player,red,Defense
53,40,1206,166,Player,red,Defense
53,0,644,220,Ball,blue,Ball
54,1,700,329,Player,red,Defense
54,2,439,378,Player,red,Defense
54,3,552,183,Player,red,Defense
54,4,794,174,Player,red,Defense
54,5,404,104,Player,red,Defense
54,6,1078,316,Player,red,Defense
54,7,864,105,Player,red,Defense
54,8,132,110,Player,red,Defense
54,9,1050,276,Player,red,Defense
54,11,1066,196,Player,red,Defense
54,14,19,188,Player,red,Defense
54,40,1206,166,Player,red,Defense
54,0,665,215,Ball,blue,Ball
55,1,700,329,Player,red,Defense
55,2,437,376,Player,red,Defense
55,3,553,182,Player,red,Defense
55,4,798,175,Player,red,Defense
55,5,405,104,Player,red,Defense
55,6,1079,316,Player,red,Defense
55,7,864,105,Player,red,Defense
55,8,132,111,Player,red,Defense
55,9,1050,276,Player,red,Defense
55,11,1066,195,Player,red,Defense
55,14,20,187,Player,red,Defense
55,40,1206,166,Player,red,Defense
55,0,685,209,Ball,blue,Ball
56,1,702,330,Player,red,Defense
56,2,436,376,Player,red,Defense
56,3,555,181,Player,red,Defense
56,4,804,175,Player,red,Defense
56,5,405,104,Player,red,Defense
56,6,1079,316,Player,red,Defense
56,7,864,105,Player,red,Defense
56,8,132,110,Player,red,Defense
56,9,1050,276,Player,red,Defense
56,11,1066,195,Player,red,Defense
56,14,20,187,Player,red,Defense
56,40,1206,166,Player,red,Defense
56,0,702,204,Ball,blue,Ball
57,1,702,331,Player,red,Defense
57,2,436,374,Player,red,Defense
57,3,556,181,Player,red,Defense
57,4,810,175,Player,red,Defense
57,5,405,104,Player,red,Defense
57,6,1079,316,Player,red,Defense
57,7,864,105,Player,red,Defense
57,8,132,110,Player,red,Defense
57,9,1050,276,Player,red,Defense
57,11,1066,195,Player,red,Defense
57,14,19,188,Player,red,Defense
57,40,1206,166,Player,red,Defense
57,65,156,106,Player,red,Defense
57,0,720,201,Ball,blue,Ball
58,1,704,332,Player,red,Defense
58,2,438,372,Player,red,Defense
58,3,558,180,Player,red,Defense
58,4,816,175,Player,red,Defense
58,5,405,104,Player,red,Defense
58,6,1079,315,Player,red,Defense
58,7,864,105,Player,red,Defense
58,8,132,110,Player,red,Defense
58,9,1050,276,Player,red,Defense
58,11,1066,195,Player,red,Defense
58,14,19,188,Player,red,Defense
58,40,1206,166,Player,red,Defense
58,65,156,106,Player,red,Defense
58,0,740,198,Ball,blue,Ball
59,1,707,333,Player,red,Defense
59,2,441,373,Player,red,Defense
59,3,557,180,Player,red,Defense
59,4,820,175,Player,red,Defense
59,5,405,104,Player,red,Defense
59,6,1079,315,Player,red,Defense
59,7,864,104,Player,red,Defense
59,8,132,109,Player,red,Defense
59,9,1050,276,Player,red,Defense
59,11,1066,195,Player,red,Defense
59,14,19,187,Player,red,Defense
59,40,1206,166,Player,red,Defense
59,65,156,106,Player,red,Defense
59,0,757,197,Ball,blue,Ball
60,1,712,333,Player,red,Defense
60,2,446,372,Player,red,Defense
60,3,558,180,Player,red,Defense
60,4,824,175,Player,red,Defense
60,5,405,104,Player,red,Defense
60,6,1079,315,Player,red,Defense
60,7,864,104,Player,red,Defense
60,8,132,108,Player,red,Defense
60,9,1050,276,Player,red,Defense
60,11,1066,194,Player,red,Defense
60,14,19,187,Player,red,Defense
60,40,1206,166,Player,red,Defense
60,65,156,106,Player,red,Defense
60,0,772,197,Ball,blue,Ball
61,1,718,334,Player,red,Defense
61,2,452,371,Player,red,Defense
61,3,558,181,Player,red,Defense
61,4,828,175,Player,red,Defense
61,5,405,104,Player,red,Defense
61,6,1079,315,Player,red,Defense
61,7,864,104,Player,red,Defense
61,8,132,107,Player,red,Defense
61,9,1050,276,Player,red,Defense
61,11,1066,194,Player,red,Defense
61,14,20,187,Player,red,Defense
61,40,1206,167,Player,red,Defense
61,65,156,106,Player,red,Defense
61,0,788,197,Ball,blue,Ball
62,1,726,336,Player,red,Defense
62,2,460,370,Player,red,Defense
62,3,558,180,Player,red,Defense
62,4,831,175,Player,red,Defense
62,5,405,104,Player,red,Defense
62,6,1079,316,Player,red,Defense
62,7,864,104,Player,red,Defense
62,8,132,106,Player,red,Defense
62,11,1066,194,Player,red,Defense
62,14,20,187,Player,red,Defense
62,40,1206,167,Player,red,Defense
62,65,156,106,Player,red,Defense
63,1,730,337,Player,red,Defense
63,2,472,369,Player,red,Defense
63,3,562,180,Player,red,Defense
63,4,834,175,Player,red,Defense
63,5,405,105,Player,red,Defense
63,6,1079,315,Player,red,Defense
63,7,864,104,Player,red,Defense
63,8,132,106,Player,red,Defense
63,11,1066,194,Player,red,Defense
63,14,20,187,Player,red,Defense
63,40,1206,167,Player,red,Defense
63,65,156,106,Player,red,Defense
64,1,736,338,Player,red,Defense
64,2,480,368,Player,red,Defense
64,3,566,181,Player,red,Defense
64,4,840,174,Player,red,Defense
64,5,405,104,Player,red,Defense
64,6,1079,315,Player,red,Defense
64,7,864,105,Player,red,Defense
64,8,132,106,Player,red,Defense
64,11,1066,194,Player,red,Defense
64,14,20,187,Player,red,Defense
64,40,1206,167,Player,red,Defense
64,65,157,106,Player,red,Defense
65,1,742,338,Player,red,Defense
65,2,488,367,Player,red,Defense
65,3,571,180,Player,red,Defense
65,4,850,174,Player,red,Defense
65,5,405,104,Player,red,Defense
65,6,1079,315,Player,red,Defense
65,7,864,105,Player,red,Defense
65,8,132,106,Player,red,Defense
65,11,1066,194,Player,red,Defense
65,14,20,187,Player,red,Defense
65,40,1206,167,Player,red,Defense
65,65,157,106,Player,red,Defense
66,1,747,339,Player,red,Defense
66,2,496,365,Player,red,Defense
66,3,576,180,Player,red,Defense
66,4,860,175,Player,red,Defense
66,5,405,104,Player,red,Defense
66,6,1079,315,Player,red,Defense
66,7,864,106,Player,red,Defense
66,8,132,106,Player,red,Defense
66,11,1066,194,Player,red,Defense
66,14,20,187,Player,red,Defense
66,40,1206,167,Player,red,Defense
66,65,157,106,Player,red,Defense
67,1,748,340,Player,red,Defense
67,2,502,362,Player,red,Defense
67,3,580,180,Player,red,Defense
67,4,868,175,Player,red,Defense
67,5,405,104,Player,red,Defense
67,6,1079,316,Player,red,Defense
67,7,864,105,Player,red,Defense
67,8,132,106,Player,red,Defense
67,11,1066,194,Player,red,Defense
67,14,20,187,Player,red,Defense
67,40,1206,167,Player,red,Defense
67,0,871,208,Ball,blue,Ball
68,1,750,340,Player,red,Defense
68,2,511,359,Player,red,Defense
68,3,586,181,Player,red,Defense
68,4,872,176,Player,red,Defense
68,5,405,105,Player,red,Defense
68,6,1079,315,Player,red,Defense
68,7,864,106,Player,red,Defense
68,8,132,106,Player,red,Defense
68,11,1066,194,Player,red,Defense
68,14,20,187,Player,red,Defense
68,40,1206,167,Player,red,Defense
69,1,754,340,Player,red,Defense
69,2,520,358,Player,red,Defense
69,3,590,180,Player,red,Defense
69,4,876,178,Player,red,Defense
69,5,405,105,Player,red,Defense
69,6,1079,315,Player,red,Defense
69,7,864,105,Player,red,Defense
69,8,132,105,Player,red,Defense
69,11,1066,194,Player,red,Defense
69,14,20,187,Player,red,Defense
69,40,1206,167,Player,red,Defense
70,1,760,340,Player,red,Defense
70,2,530,358,Player,red,Defense
70,3,594,181,Player,red,Defense
70,4,882,183,Player,red,Defense
70,5,405,104,Player,red,Defense
70,6,1079,315,Player,red,Defense
70,7,864,105,Player,red,Defense
70,8,132,106,Player,red,Defense
70,9,1050,276,Player,red,Defense
70,11,1066,195,Player,red,Defense
70,14,20,188,Player,red,Defense
70,40,1205,167,Player,red,Defense
71,1,769,340,Player,red,Defense
71,2,538,358,Player,red,Defense
71,3,597,181,Player,red,Defense
71,4,888,183,Player,red,Defense
71,5,405,104,Player,red,Defense
71,6,1079,315,Player,red,Defense
71,7,865,105,Player,red,Defense
71,8,132,107,Player,red,Defense
71,9,1049,276,Player,red,Defense
71,11,1066,195,Player,red,Defense
71,14,20,188,Player,red,Defense
71,40,1206,167,Player,red,Defense
72,1,776,340,Player,red,Defense
72,2,549,357,Player,red,Defense
72,3,598,181,Player,red,Defense
72,4,894,182,Player,red,Defense
72,5,405,104,Player,red,Defense
72,6,1079,315,Player,red,Defense
72,7,865,105,Player,red,Defense
72,8,132,108,Player,red,Defense
72,9,1049,276,Player,red,Defense
72,11,1066,195,Player,red,Defense
72,14,20,188,Player,red,Defense
72,40,1206,167,Player,red,Defense
73,1,784,341,Player,red,Defense
73,2,558,356,Player,red,Defense
73,3,598,181,Player,red,Defense
73,4,898,182,Player,red,Defense
73,5,405,104,Player,red,Defense
73,6,1079,315,Player,red,Defense
73,7,865,105,Player,red,Defense
73,8,132,109,Player,red,Defense
73,9,1049,276,Player,red,Defense
73,11,1066,195,Player,red,Defense
73,14,20,188,Player,red,Defense
73,40,1206,167,Player,red,Defense
74,1,790,342,Player,red,Defense
74,2,563,356,Player,red,Defense
74,3,598,180,Player,red,Defense
74,4,902,183,Player,red,Defense
74,5,405,104,Player,red,Defense
74,6,1079,315,Player,red,Defense
74,7,865,105,Player,red,Defense
74,8,132,108,Player,red,Defense
74,9,1049,276,Player,red,Defense
74,11,1066,195,Player,red,Defense
74,14,20,188,Player,red,Defense
74,40,1205,167,Player,red,Defense
75,1,792,342,Player,red,Defense
75,2,568,355,Player,red,Defense
75,3,600,179,Player,red,Defense
75,4,906,183,Player,red,Defense
75,5,405,104,Player,red,Defense
75,6,1079,315,Player,red,Defense
75,7,865,105,Player,red,Defense
75,8,132,107,Player,red,Defense
75,9,1049,276,Player,red,Defense
75,11,1066,195,Player,red,Defense
75,14,20,187,Player,red,Defense
75,40,1206,167,Player,red,Defense
76,1,792,342,Player,red,Defense
76,2,572,356,Player,red,Defense
76,3,602,179,Player,red,Defense
76,4,912,183,Player,red,Defense
76,5,405,104,Player,red,Defense
76,6,1079,315,Player,red,Defense
76,7,865,105,Player,red,Defense
76,8,132,106,Player,red,Defense
76,9,1049,276,Player,red,Defense
76,11,1066,195,Player,red,Defense
76,14,20,187,Player,red,Defense
76,40,1206,167,Player,red,Defense
77,1,796,340,Player,red,Defense
77,2,576,355,Player,red,Defense
77,3,606,178,Player,red,Defense
77,4,920,183,Player,red,Defense
77,5,405,104,Player,red,Defense
77,6,1079,315,Player,red,Defense
77,7,865,105,Player,red,Defense
77,8,132,106,Player,red,Defense
77,9,1049,276,Player,red,Defense
77,11,1065,195,Player,red,Defense
77,14,20,187,Player,red,Defense
77,40,1206,167,Player,red,Defense
78,1,802,339,Player,red,Defense
78,2,582,353,Player,red,Defense
78,3,609,177,Player,red,Defense
78,4,924,184,Player,red,Defense
78,5,405,104,Player,red,Defense
78,6,1079,315,Player,red,Defense
78,7,865,105,Player,red,Defense
78,8,132,106,Player,red,Defense
78,9,1049,276,Player,red,Defense
78,11,1064,195,Player,red,Defense
78,14,20,188,Player,red,Defense
78,40,1206,167,Player,red,Defense
79,1,811,338,Player,red,Defense
79,2,590,350,Player,red,Defense
79,3,611,176,Player,red,Defense
79,4,930,184,Player,red,Defense
79,5,405,104,Player,red,Defense
79,6,1080,315,Player,red,Defense
79,7,865,105,Player,red,Defense
79,8,132,106,Player,red,Defense
79,9,1049,276,Player,red,Defense
79,11,1064,195,Player,red,Defense
79,14,20,188,Player,red,Defense
79,40,1206,167,Player,red,Defense
80,1,821,339,Player,red,Defense
80,2,598,349,Player,red,Defense
80,3,612,176,Player,red,Defense
80,4,935,183,Player,red,Defense
80,5,405,104,Player,red,Defense
80,6,1079,315,Player,red,Defense
80,7,865,105,Player,red,Defense
80,8,132,106,Player,red,Defense
80,9,1049,276,Player,red,Defense
80,11,1064,195,Player,red,Defense
80,14,20,188,Player,red,Defense
80,40,1206,167,Player,red,Defense
81,1,825,339,Player,red,Defense
81,2,605,349,Player,red,Defense
81,3,612,176,Player,red,Defense
81,4,936,183,Player,red,Defense
81,5,405,104,Player,red,Defense
81,6,1079,315,Player,red,Defense
81,7,864,105,Player,red,Defense
81,8,132,105,Player,red,Defense
81,9,1049,276,Player,red,Defense
81,11,1065,195,Player,red,Defense
81,14,20,188,Player,red,Defense
81,40,1206,167,Player,red,Defense
82,1,826,339,Player,red,Defense
82,2,609,348,Player,red,Defense
82,3,611,176,Player,red,Defense
82,4,941,184,Player,red,Defense
82,5,405,104,Player,red,Defense
82,6,1079,315,Player,red,Defense
82,7,865,105,Player,red,Defense
82,8,132,105,Player,red,Defense
82,9,1049,276,Player,red,Defense
82,11,1065,195,Player,red,Defense
82,14,20,188,Player,red,Defense
82,40,1206,167,Player,red,Defense
83,1,828,339,Player,red,Defense
83,2,610,348,Player,red,Defense
83,3,611,177,Player,red,Defense
83,4,946,184,Player,red,Defense
83,5,405,104,Player,red,Defense
83,6,1079,315,Player,red,Defense
83,7,865,105,Player,red,Defense
83,8,132,105,Player,red,Defense
83,9,1049,276,Player,red,Defense
83,11,1065,195,Player,red,Defense
83,14,20,188,Player,red,Defense
83,40,1206,167,Player,red,Defense
84,1,829,338,Player,red,Defense
84,2,610,348,Player,red,Defense
84,3,611,176,Player,red,Defense
84,4,951,184,Player,red,Defense
84,5,405,104,Player,red,Defense
84,6,1079,315,Player,red,Defense
84,7,864,105,Player,red,Defense
84,8,132,105,Player,red,Defense
84,9,1049,276,Player,red,Defense
84,11,1064,195,Player,red,Defense
84,14,20,188,Player,red,Defense
84,40,1206,167,Player,red,Defense
84,0,914,159,Ball,blue,Ball
85,1,832,339,Player,red,Defense
85,2,610,348,Player,red,Defense
85,3,610,176,Player,red,Defense
85,4,956,184,Player,red,Defense
85,5,405,104,Player,red,Defense
85,6,1080,315,Player,red,Defense
85,7,865,105,Player,red,Defense
85,8,132,106,Player,red,Defense
85,9,1049,276,Player,red,Defense
85,11,1065,195,Player,red,Defense
85,14,20,188,Player,red,Defense
85,40,1206,168,Player,red,Defense
85,65,156,106,Player,red,Defense
85,0,908,164,Ball,blue,Ball
86,1,838,339,Player,red,Defense
86,2,612,348,Player,red,Defense
86,3,609,175,Player,red,Defense
86,4,960,184,Player,red,Defense
86,5,404,104,Player,red,Defense
86,6,1080,315,Player,red,Defense
86,7,865,105,Player,red,Defense
86,8,132,106,Player,red,Defense
86,9,1050,276,Player,red,Defense
86,11,1066,195,Player,red,Defense
86,14,20,188,Player,red,Defense
86,40,1206,168,Player,red,Defense
86,65,156,106,Player,red,Defense
86,0,901,170,Ball,blue,Ball
87,1,842,339,Player,red,Defense
87,2,612,349,Player,red,Defense
87,3,607,176,Player,red,Defense
87,4,962,184,Player,red,Defense
87,5,404,104,Player,red,Defense
87,6,1080,315,Player,red,Defense
87,7,865,105,Player,red,Defense
87,8,132,106,Player,red,Defense
87,9,1050,276,Player,red,Defense
87,11,1066,195,Player,red,Defense
87,14,20,188,Player,red,Defense
87,40,1206,168,Player,red,Defense
87,65,156,106,Player,red,Defense
87,0,894,177,Ball,blue,Ball
88,1,845,339,Player,red,Defense
88,2,614,349,Player,red,Defense
88,3,606,176,Player,red,Defense
88,4,964,184,Player,red,Defense
88,5,404,104,Player,red,Defense
88,6,1080,315,Player,red,Defense
88,7,865,105,Player,red,Defense
88,8,132,106,Player,red,Defense
88,9,1050,276,Player,red,Defense
88,11,1066,195,Player,red,Defense
88,14,20,188,Player,red,Defense
88,40,1206,168,Player,red,Defense
88,65,156,106,Player,red,Defense
88,0,650,296,Ball,blue,Ball
89,1,846,339,Player,red,Defense
89,2,618,349,Player,red,Defense
89,3,606,176,Player,red,Defense
89,4,966,185,Player,red,Defense
89,5,404,104,Player,red,Defense
89,6,1080,315,Player,red,Defense
89,7,865,105,Player,red,Defense
89,8,132,107,Player,red,Defense
89,9,1050,276,Player,red,Defense
89,11,1066,195,Player,red,Defense
89,14,20,188,Player,red,Defense
89,40,1206,168,Player,red,Defense
89,65,156,106,Player,red,Defense
90,1,848,339,Player,red,Defense
90,2,622,349,Player,red,Defense
90,3,606,176,Player,red,Defense
90,4,966,185,Player,red,Defense
90,5,404,104,Player,red,Defense
90,6,1079,315,Player,red,Defense
90,7,865,105,Player,red,Defense
90,8,132,107,Player,red,Defense
90,9,1050,276,Player,red,Defense
90,11,1066,195,Player,red,Defense
90,14,20,188,Player,red,Defense
90,40,1206,168,Player,red,Defense
90,65,156,106,Player,red,Defense
90,0,652,291,Ball,blue,Ball
91,1,848,339,Player,red,Defense
91,2,624,348,Player,red,Defense
91,3,607,176,Player,red,Defense
91,4,964,184,Player,red,Defense
91,5,404,104,Player,red,Defense
91,6,1079,315,Player,red,Defense
91,7,865,105,Player,red,Defense
91,8,132,107,Player,red,Defense
91,9,1050,276,Player,red,Defense
91,11,1066,195,Player,red,Defense
91,14,20,188,Player,red,Defense
91,40,1206,168,Player,red,Defense
91,0,651,291,Ball,blue,Ball
92,1,848,339,Player,red,Defense
92,2,625,345,Player,red,Defense
92,3,607,176,Player,red,Defense
92,4,962,183,Player,red,Defense
92,5,404,104,Player,red,Defense
92,6,1079,315,Player,red,Defense
92,7,865,105,Player,red,Defense
92,8,132,106,Player,red,Defense
92,9,1050,276,Player,red,Defense
92,14,20,188,Player,red,Defense
92,40,1206,168,Player,red,Defense
92,0,653,290,Ball,blue,Ball
93,1,848,340,Player,red,Defense
93,2,625,348,Player,red,Defense
93,3,607,177,Player,red,Defense
93,4,960,182,Player,red,Defense
93,5,404,104,Player,red,Defense
93,6,1079,316,Player,red,Defense
93,7,865,105,Player,red,Defense
93,8,132,107,Player,red,Defense
93,9,1050,276,Player,red,Defense
93,14,20,188,Player,red,Defense
93,40,1208,168,Player,red,Defense
93,0,654,289,Ball,blue,Ball
94,1,848,340,Player,red,Defense
94,2,626,348,Player,red,Defense
94,3,607,179,Player,red,Defense
94,4,955,181,Player,red,Defense
94,5,404,104,Player,red,Defense
94,6,1079,316,Player,red,Defense
94,7,865,105,Player,red,Defense
94,8,132,107,Player,red,Defense
94,9,1050,276,Player,red,Defense
94,14,20,188,Player,red,Defense
94,40,1208,168,Player,red,Defense
94,0,653,288,Ball,blue,Ball
95,1,846,339,Player,red,Defense
95,2,626,349,Player,red,Defense
95,3,608,180,Player,red,Defense
95,4,950,181,Player,red,Defense
95,5,404,104,Player,red,Defense
95,6,1080,316,Player,red,Defense
95,7,865,106,Player,red,Defense
95,8,132,107,Player,red,Defense
95,9,1050,276,Player,red,Defense
95,14,20,188,Player,red,Defense
95,40,1208,168,Player,red,Defense
95,0,652,286,Ball,blue,Ball
96,1,847,338,Player,red,Defense
96,2,626,349,Player,red,Defense
96,3,607,180,Player,red,Defense
96,4,948,180,Player,red,Defense
96,5,404,104,Player,red,Defense
96,6,1079,316,Player,red,Defense
96,7,865,106,Player,red,Defense
96,8,132,107,Player,red,Defense
96,9,1050,276,Player,red,Defense
96,14,20,188,Player,red,Defense
96,40,1208,168,Player,red,Defense
96,0,652,285,Ball,blue,Ball
97,1,846,336,Player,red,Defense
97,2,625,348,Player,red,Defense
97,3,607,180,Player,red,Defense
97,4,946,180,Player,red,Defense
97,5,404,104,Player,red,Defense
97,6,1079,316,Player,red,Defense
97,7,865,106,Player,red,Defense
97,8,132,107,Player,red,Defense
97,9,1050,276,Player,red,Defense
97,11,1066,196,Player,red,Defense
97,14,20,188,Player,red,Defense
97,40,1208,168,Player,red,Defense
97,0,651,285,Ball,blue,Ball
98,1,846,335,Player,red,Defense
98,2,625,347,Player,red,Defense
98,3,608,179,Player,red,Defense
98,4,942,180,Player,red,Defense
98,5,404,104,Player,red,Defense
98,6,1079,316,Player,red,Defense
98,7,865,106,Player,red,Defense
98,8,132,107,Player,red,Defense
98,9,1050,276,Player,red,Defense
98,11,1066,196,Player,red,Defense
98,14,20,188,Player,red,Defense
98,40,1208,168,Player,red,Defense
98,0,650,284,Ball,blue,Ball
99,1,844,333,Player,red,Defense
99,2,624,345,Player,red,Defense
99,3,608,179,Player,red,Defense
99,4,938,180,Player,red,Defense
99,5,404,104,Player,red,Defense
99,6,1079,316,Player,red,Defense
99,7,865,106,Player,red,Defense
99,8,132,108,Player,red,Defense
99,9,1050,276,Player,red,Defense
99,11,1066,196,Player,red,Defense
99,14,20,188,Player,red,Defense
99,40,1208,168,Player,red,Defense
99,0,650,283,Ball,blue,Ball
100,1,844,333,Player,red,Defense
100,2,623,344,Player,red,Defense
100,3,608,179,Player,red,Defense
100,4,937,180,Player,red,Defense
100,5,404,104,Player,red,Defense
100,6,1079,316,Player,red,Defense
100,7,865,105,Player,red,Defense
100,8,132,105,Player,red,Defense
100,9,1050,276,Player,red,Defense
100,11,1066,197,Player,red,Defense
100,14,20,188,Player,red,Defense
100,40,1206,167,Player,red,Defense
100,65,152,100,Player,red,Defense
100,0,650,283,Ball,blue,Ball
101,1,844,333,Player,red,Defense
101,2,622,343,Player,red,Defense
101,3,604,178,Player,red,Defense
101,4,935,179,Player,red,Defense
101,5,404,104,Player,red,Defense
101,6,1079,316,Player,red,Defense
101,7,864,105,Player,red,Defense
101,8,132,104,Player,red,Defense
101,9,1050,276,Player,red,Defense
101,11,1065,197,Player,red,Defense
101,14,20,188,Player,red,Defense
101,40,1206,166,Player,red,Defense
101,65,150,100,Player,red,Defense
101,0,650,282,Ball,blue,Ball
102,1,844,332,Player,red,Defense
102,2,621,342,Player,red,Defense
102,3,600,178,Player,red,Defense
102,4,932,178,Player,red,Defense
102,5,404,104,Player,red,Defense
102,6,1079,316,Player,red,Defense
102,7,864,105,Player,red,Defense
102,8,132,104,Player,red,Defense
102,9,1050,276,Player,red,Defense
102,11,1066,197,Player,red,Defense
102,14,20,188,Player,red,Defense
102,40,1206,166,Player,red,Defense
102,65,150,99,Player,red,Defense
102,0,650,281,Ball,blue,Ball
102,77,132,138,Player,red,Defense
103,1,842,332,Player,red,Defense
103,2,620,342,Player,red,Defense
103,3,594,179,Player,red,Defense
103,4,926,178,Player,red,Defense
103,5,404,104,Player,red,Defense
103,6,1079,316,Player,red,Defense
103,7,864,105,Player,red,Defense
103,8,132,104,Player,red,Defense
103,9,1050,276,Player,red,Defense
103,11,1065,197,Player,red,Defense
103,14,20,188,Player,red,Defense
103,40,1206,166,Player,red,Defense
103,65,150,99,Player,red,Defense
103,77,132,138,Player,red,Defense
103,0,578,209,Ball,blue,Ball
104,1,838,332,Player,red,Defense
104,2,618,342,Player,red,Defense
104,3,588,179,Player,red,Defense
104,4,922,177,Player,red,Defense
104,5,404,104,Player,red,Defense
104,6,1079,316,Player,red,Defense
104,7,864,105,Player,red,Defense
104,8,132,104,Player,red,Defense
104,9,1050,276,Player,red,Defense
104,11,1065,197,Player,red,Defense
104,14,20,187,Player,red,Defense
104,40,1206,166,Player,red,Defense
104,65,150,99,Player,red,Defense
104,77,132,138,Player,red,Defense
104,0,566,199,Ball,blue,Ball
105,1,836,332,Player,red,Defense
105,2,616,343,Player,red,Defense
105,3,582,180,Player,red,Defense
105,4,918,176,Player,red,Defense
105,5,404,104,Player,red,Defense
105,6,1079,316,Player,red,Defense
105,7,864,105,Player,red,Defense
105,8,132,104,Player,red,Defense
105,9,1050,276,Player,red,Defense
105,11,1066,197,Player,red,Defense
105,14,20,187,Player,red,Defense
105,40,1206,166,Player,red,Defense
105,65,150,98,Player,red,Defense
105,77,132,138,Player,red,Defense
106,1,833,332,Player,red,Defense
106,2,613,343,Player,red,Defense
106,3,578,179,Player,red,Defense
106,4,912,174,Player,red,Defense
106,5,404,104,Player,red,Defense
106,6,1079,316,Player,red,Defense
106,7,864,105,Player,red,Defense
106,8,132,104,Player,red,Defense
106,9,1050,276,Player,red,Defense
106,11,1066,197,Player,red,Defense
106,14,20,187,Player,red,Defense
106,40,1206,166,Player,red,Defense
106,77,132,138,Player,red,Defense
107,1,831,333,Player,red,Defense
107,2,612,343,Player,red,Defense
107,3,572,182,Player,red,Defense
107,4,906,173,Player,red,Defense
107,5,404,104,Player,red,Defense
107,6,1079,316,Player,red,Defense
107,7,864,105,Player,red,Defense
107,8,132,104,Player,red,Defense
107,9,1050,275,Player,red,Defense
107,11,1066,197,Player,red,Defense
107,14,20,187,Player,red,Defense
107,40,1206,166,Player,red,Defense
107,77,132,138,Player,red,Defense
108,1,830,333,Player,red,Defense
108,2,611,342,Player,red,Defense
108,3,566,183,Player,red,Defense
108,4,902,173,Player,red,Defense
108,5,404,104,Player,red,Defense
108,6,1079,316,Player,red,Defense
108,7,864,105,Player,red,Defense
108,8,132,105,Player,red,Defense
108,9,1050,275,Player,red,Defense
108,11,1066,197,Player,red,Defense
108,14,20,187,Player,red,Defense
108,40,1206,166,Player,red,Defense
108,77,132,138,Player,red,Defense
108,0,518,166,Ball,blue,Ball
109,1,828,334,Player,red,Defense
109,2,608,341,Player,red,Defense
109,3,558,183,Player,red,Defense
109,4,899,173,Player,red,Defense
109,5,404,104,Player,red,Defense
109,6,1079,316,Player,red,Defense
109,7,864,105,Player,red,Defense
109,8,132,104,Player,red,Defense
109,9,1050,275,Player,red,Defense
109,11,1066,197,Player,red,Defense
109,14,20,187,Player,red,Defense
109,40,1206,166,Player,red,Defense
109,77,132,138,Player,red,Defense
109,0,506,160,Ball,blue,Ball
110,1,825,334,Player,red,Defense
110,2,602,342,Player,red,Defense
110,3,548,185,Player,red,Defense
110,4,895,172,Player,red,Defense
110,5,404,104,Player,red,Defense
110,6,1079,316,Player,red,Defense
110,7,864,105,Player,red,Defense
110,8,132,104,Player,red,Defense
110,9,1050,276,Player,red,Defense
110,11,1066,197,Player,red,Defense
110,14,20,187,Player,red,Defense
110,40,1206,166,Player,red,Defense
110,65,151,101,Player,red,Defense
110,77,132,138,Player,red,Defense
111,1,820,333,Player,red,Defense
111,2,596,340,Player,red,Defense
111,3,540,184,Player,red,Defense
111,4,891,172,Player,red,Defense
111,5,404,104,Player,red,Defense
111,6,1078,316,Player,red,Defense
111,7,864,105,Player,red,Defense
111,8,132,104,Player,red,Defense
111,9,1050,276,Player,red,Defense
111,11,1066,197,Player,red,Defense
111,14,20,187,Player,red,Defense
111,40,1206,166,Player,red,Defense
111,65,151,100,Player,red,Defense
111,77,132,138,Player,red,Defense
111,0,484,153,Ball,blue,Ball
112,1,814,333,Player,red,Defense
112,2,586,341,Player,red,Defense
112,3,538,184,Player,red,Defense
112,4,888,172,Player,red,Defense
112,5,404,104,Player,red,Defense
112,6,1078,316,Player,red,Defense
112,7,864,105,Player,red,Defense
112,8,132,105,Player,red,Defense
112,9,1050,276,Player,red,Defense
112,11,1066,196,Player,red,Defense
112,14,20,187,Player,red,Defense
112,40,1206,166,Player,red,Defense
112,65,151,100,Player,red,Defense
112,77,132,138,Player,red,Defense
112,0,474,150,Ball,blue,Ball
113,1,806,333,Player,red,Defense
113,2,580,342,Player,red,Defense
113,3,534,185,Player,red,Defense
113,4,884,172,Player,red,Defense
113,5,404,104,Player,red,Defense
113,6,1078,316,Player,red,Defense
113,7,864,105,Player,red,Defense
113,8,132,105,Player,red,Defense
113,9,1050,276,Player,red,Defense
113,11,1066,197,Player,red,Defense
113,14,20,187,Player,red,Defense
113,40,1206,166,Player,red,Defense
113,65,151,100,Player,red,Defense
113,77,132,138,Player,red,Defense
113,0,464,148,Ball,blue,Ball
114,1,800,333,Player,red,Defense
114,2,573,342,Player,red,Defense
114,3,528,186,Player,red,Defense
114,4,884,172,Player,red,Defense
114,5,404,104,Player,red,Defense
114,6,1078,316,Player,red,Defense
114,7,864,106,Player,red,Defense
114,8,132,106,Player,red,Defense
114,9,1050,276,Player,red,Defense
114,11,1066,197,Player,red,Defense
114,14,20,187,Player,red,Defense
114,40,1206,166,Player,red,Defense
114,65,151,101,Player,red,Defense
114,77,132,138,Player,red,Defense
114,0,454,147,Ball,blue,Ball
115,1,796,334,Player,red,Defense
115,2,566,343,Player,red,Defense
115,3,518,187,Player,red,Defense
115,4,882,172,Player,red,Defense
115,5,404,104,Player,red,Defense
115,6,1079,316,Player,red,Defense
115,7,864,106,Player,red,Defense
115,8,132,106,Player,red,Defense
115,9,1050,276,Player,red,Defense
115,11,1066,196,Player,red,Defense
115,14,20,188,Player,red,Defense
115,40,1206,166,Player,red,Defense
115,65,151,101,Player,red,Defense
115,77,132,120,Player,red,Defense
115,0,444,147,Ball,blue,Ball
116,1,790,335,Player,red,Defense
116,2,560,343,Player,red,Defense
116,3,508,187,Player,red,Defense
116,4,880,172,Player,red,Defense
116,5,404,104,Player,red,Defense
116,6,1078,316,Player,red,Defense
116,7,864,106,Player,red,Defense
116,8,132,106,Player,red,Defense
116,9,1050,276,Player,red,Defense
116,11,1066,196,Player,red,Defense
116,14,20,188,Player,red,Defense
116,40,1205,166,Player,red,Defense
116,65,154,103,Player,red,Defense
116,77,132,118,Player,red,Defense
116,0,433,149,Ball,blue,Ball
117,1,783,337,Player,red,Defense
117,2,554,343,Player,red,Defense
117,3,494,186,Player,red,Defense
117,4,876,172,Player,red,Defense
117,5,404,104,Player,red,Defense
117,6,1079,315,Player,red,Defense
117,7,864,106,Player,red,Defense
117,8,132,106,Player,red,Defense
117,9,1050,276,Player,red,Defense
117,11,1066,196,Player,red,Defense
117,14,20,188,Player,red,Defense
117,40,1205,166,Player,red,Defense
117,65,156,104,Player,red,Defense
117,77,132,117,Player,red,Defense
117,0,422,150,Ball,blue,Ball
118,1,775,337,Player,red,Defense
118,2,548,344,Player,red,Defense
118,3,481,188,Player,red,Defense
118,4,870,171,Player,red,Defense
118,5,404,104,Player,red,Defense
118,6,1079,315,Player,red,Defense
118,7,864,104,Player,red,Defense
118,8,132,106,Player,red,Defense
118,9,1050,276,Player,red,Defense
118,11,1066,196,Player,red,Defense
118,14,20,188,Player,red,Defense
118,40,1205,166,Player,red,Defense
118,65,156,104,Player,red,Defense
118,77,132,117,Player,red,Defense
118,0,414,153,Ball,blue,Ball
119,1,770,339,Player,red,Defense
119,2,548,345,Player,red,Defense
119,3,476,188,Player,red,Defense
119,4,864,171,Player,red,Defense
119,5,404,104,Player,red,Defense
119,6,1078,315,Player,red,Defense
119,7,864,104,Player,red,Defense
119,8,132,106,Player,red,Defense
119,9,1050,276,Player,red,Defense
119,11,1066,195,Player,red,Defense
119,14,20,188,Player,red,Defense
119,40,1205,166,Player,red,Defense
119,65,156,104,Player,red,Defense
119,77,132,118,Player,red,Defense
119,0,407,156,Ball,blue,Ball
120,1,768,340,Player,red,Defense
120,2,546,345,Player,red,Defense
120,3,468,186,Player,red,Defense
120,4,858,172,Player,red,Defense
120,5,404,104,Player,red,Defense
120,6,1078,315,Player,red,Defense
120,7,865,104,Player,red,Defense
120,9,1050,276,Player,red,Defense
120,11,1067,196,Player,red,Defense
120,14,20,188,Player,red,Defense
120,40,1205,166,Player,red,Defense
120,65,156,104,Player,red,Defense
120,77,132,118,Player,red,Defense
120,0,396,159,Ball,blue,Ball
121,1,765,340,Player,red,Defense
121,2,541,344,Player,red,Defense
121,3,457,188,Player,red,Defense
121,4,854,171,Player,red,Defense
121,5,404,104,Player,red,Defense
121,6,1078,316,Player,red,Defense
121,7,865,105,Player,red,Defense
121,9,1050,276,Player,red,Defense
121,11,1066,196,Player,red,Defense
121,14,20,188,Player,red,Defense
121,40,1205,166,Player,red,Defense
121,65,156,104,Player,red,Defense
121,77,132,119,Player,red,Defense
122,1,762,340,Player,red,Defense
122,2,533,343,Player,red,Defense
122,3,443,191,Player,red,Defense
122,4,850,171,Player,red,Defense
122,5,404,104,Player,red,Defense
122,6,1078,316,Player,red,Defense
122,7,865,104,Player,red,Defense
122,9,1050,276,Player,red,Defense
122,11,1067,196,Player,red,Defense
122,14,20,188,Player,red,Defense
122,40,1205,166,Player,red,Defense
122,65,156,104,Player,red,Defense
122,77,132,119,Player,red,Defense
123,1,758,340,Player,red,Defense
123,2,523,343,Player,red,Defense
123,3,438,193,Player,red,Defense
123,4,846,172,Player,red,Defense
123,5,404,104,Player,red,Defense
123,6,1078,316,Player,red,Defense
123,7,866,104,Player,red,Defense
123,9,1050,276,Player,red,Defense
123,11,1067,196,Player,red,Defense
123,14,20,187,Player,red,Defense
123,40,1205,166,Player,red,Defense
123,65,156,104,Player,red,Defense
123,77,132,118,Player,red,Defense
123,0,372,173,Ball,blue,Ball
124,1,752,339,Player,red,Defense
124,2,514,343,Player,red,Defense
124,3,430,194,Player,red,Defense
124,4,843,172,Player,red,Defense
124,5,404,104,Player,red,Defense
124,6,1078,316,Player,red,Defense
124,7,865,105,Player,red,Defense
124,9,1050,276,Player,red,Defense
124,11,1067,196,Player,red,Defense
124,14,20,187,Player,red,Defense
124,40,1205,166,Player,red,Defense
124,65,156,105,Player,red,Defense
124,77,132,116,Player,red,Defense
124,0,364,182,Ball,blue,Ball
125,1,746,340,Player,red,Defense
125,2,507,343,Player,red,Defense
125,3,418,194,Player,red,Defense
125,4,838,173,Player,red,Defense
125,5,404,104,Player,red,Defense
125,6,1078,316,Player,red,Defense
125,7,865,105,Player,red,Defense
125,9,1050,276,Player,red,Defense
125,11,1067,196,Player,red,Defense
125,14,20,187,Player,red,Defense
125,40,1205,166,Player,red,Defense
125,65,157,105,Player,red,Defense
125,77,132,115,Player,red,Defense
125,0,357,188,Ball,blue,Ball
126,1,740,343,Player,red,Defense
126,2,498,345,Player,red,Defense
126,3,410,194,Player,red,Defense
126,4,834,173,Player,red,Defense
126,5,404,104,Player,red,Defense
126,6,1079,316,Player,red,Defense
126,7,865,105,Player,red,Defense
126,9,1050,276,Player,red,Defense
126,11,1067,196,Player,red,Defense
126,14,20,187,Player,red,Defense
126,40,1205,166,Player,red,Defense
126,65,157,105,Player,red,Defense
126,77,132,115,Player,red,Defense
126,0,347,186,Ball,blue,Ball
127,1,734,344,Player,red,Defense
127,2,488,346,Player,red,Defense
127,3,400,195,Player,red,Defense
127,4,828,173,Player,red,Defense
127,5,404,104,Player,red,Defense
127,6,1079,316,Player,red,Defense
127,7,864,106,Player,red,Defense
127,9,1050,276,Player,red,Defense
127,14,20,187,Player,red,Defense
127,40,1205,166,Player,red,Defense
127,65,158,105,Player,red,Defense
127,77,132,117,Player,red,Defense
127,0,341,176,Ball,blue,Ball
128,1,727,346,Player,red,Defense
128,2,480,348,Player,red,Defense
128,3,388,195,Player,red,Defense
128,4,822,173,Player,red,Defense
128,5,404,104,Player,red,Defense
128,6,1079,316,Player,red,Defense
128,7,864,105,Player,red,Defense
128,9,1050,276,Player,red,Defense
128,14,20,187,Player,red,Defense
128,40,1205,166,Player,red,Defense
128,77,132,118,Player,red,Defense
128,0,334,170,Ball,blue,Ball
129,1,720,348,Player,red,Defense
129,2,476,349,Player,red,Defense
129,3,380,195,Player,red,Defense
129,4,817,173,Player,red,Defense
129,5,404,104,Player,red,Defense
129,6,1079,316,Player,red,Defense
129,7,864,105,Player,red,Defense
129,9,1050,276,Player,red,Defense
129,14,20,187,Player,red,Defense
129,40,1205,166,Player,red,Defense
129,77,132,121,Player,red,Defense
129,0,325,160,Ball,blue,Ball
130,1,714,350,Player,red,Defense
130,2,476,350,Player,red,Defense
130,3,375,196,Player,red,Defense
130,4,813,173,Player,red,Defense
130,5,404,104,Player,red,Defense
130,6,1078,316,Player,red,Defense
130,7,864,105,Player,red,Defense
130,9,1050,276,Player,red,Defense
130,14,20,187,Player,red,Defense
130,40,1205,166,Player,red,Defense
130,65,156,106,Player,red,Defense
130,77,132,113,Player,red,Defense
130,0,318,156,Ball,blue,Ball
131,1,710,352,Player,red,Defense
131,2,473,350,Player,red,Defense
131,3,368,196,Player,red,Defense
131,4,811,173,Player,red,Defense
131,5,404,104,Player,red,Defense
131,6,1078,316,Player,red,Defense
131,7,864,105,Player,red,Defense
131,9,1050,276,Player,red,Defense
131,14,20,187,Player,red,Defense
131,40,1205,166,Player,red,Defense
131,65,156,105,Player,red,Defense
131,77,132,109,Player,red,Defense
131,0,312,150,Ball,blue,Ball
132,1,708,354,Player,red,Defense
132,2,470,351,Player,red,Defense
132,3,362,196,Player,red,Defense
132,4,809,173,Player,red,Defense
132,5,404,104,Player,red,Defense
132,6,1078,316,Player,red,Defense
132,7,864,105,Player,red,Defense
132,9,1050,276,Player,red,Defense
132,14,20,187,Player,red,Defense
132,40,1205,166,Player,red,Defense
132,65,156,105,Player,red,Defense
132,77,132,107,Player,red,Defense
132,0,304,142,Ball,blue,Ball
133,1,708,355,Player,red,Defense
133,2,468,351,Player,red,Defense
133,3,356,197,Player,red,Defense
133,4,807,173,Player,red,Defense
133,5,404,104,Player,red,Defense
133,6,1078,316,Player,red,Defense
133,7,864,105,Player,red,Defense
133,9,1050,276,Player,red,Defense
133,14,20,187,Player,red,Defense
133,40,1205,166,Player,red,Defense
133,65,156,105,Player,red,Defense
133,77,132,106,Player,red,Defense
133,0,296,138,Ball,blue,Ball
134,1,706,355,Player,red,Defense
134,2,464,351,Player,red,Defense
134,3,349,197,Player,red,Defense
134,4,804,174,Player,red,Defense
134,5,404,104,Player,red,Defense
134,6,1078,316,Player,red,Defense
134,7,864,105,Player,red,Defense
134,9,1050,276,Player,red,Defense
134,14,20,187,Player,red,Defense
134,40,1205,166,Player,red,Defense
134,65,156,105,Player,red,Defense
134,77,132,106,Player,red,Defense
134,0,290,135,Ball,blue,Ball
135,1,703,355,Player,red,Defense
135,2,462,350,Player,red,Defense
135,3,342,197,Player,red,Defense
135,4,800,174,Player,red,Defense
135,5,404,104,Player,red,Defense
135,6,1078,316,Player,red,Defense
135,7,864,105,Player,red,Defense
135,9,1050,276,Player,red,Defense
135,14,20,187,Player,red,Defense
135,40,1205,166,Player,red,Defense
135,65,157,106,Player,red,Defense
135,77,132,106,Player,red,Defense
136,1,700,355,Player,red,Defense
136,2,461,350,Player,red,Defense
136,3,336,197,Player,red,Defense
136,4,795,174,Player,red,Defense
136,5,404,104,Player,red,Defense
136,6,1080,316,Player,red,Defense
136,7,864,105,Player,red,Defense
136,9,1050,276,Player,red,Defense
136,14,20,187,Player,red,Defense
136,40,1205,166,Player,red,Defense
136,65,157,105,Player,red,Defense
136,77,132,105,Player,red,Defense
136,0,278,129,Ball,blue,Ball
137,1,696,354,Player,red,Defense
137,2,461,348,Player,red,Defense
137,3,332,197,Player,red,Defense
137,4,792,174,Player,red,Defense
137,5,404,104,Player,red,Defense
137,6,1079,316,Player,red,Defense
137,7,864,105,Player,red,Defense
137,9,1050,276,Player,red,Defense
137,14,20,187,Player,red,Defense
137,40,1205,166,Player,red,Defense
137,65,157,106,Player,red,Defense
137,77,132,105,Player,red,Defense
137,0,270,128,Ball,blue,Ball
138,1,692,354,Player,red,Defense
138,2,461,349,Player,red,Defense
138,3,330,198,Player,red,Defense
138,4,789,174,Player,red,Defense
138,5,404,104,Player,red,Defense
138,6,1078,316,Player,red,Defense
138,7,864,105,Player,red,Defense
138,8,132,139,Player,red,Defense
138,9,1050,276,Player,red,Defense
138,14,20,188,Player,red,Defense
138,40,1205,166,Player,red,Defense
138,65,156,105,Player,red,Defense
138,77,132,105,Player,red,Defense
138,0,265,128,Ball,blue,Ball
139,1,688,353,Player,red,Defense
139,2,460,349,Player,red,Defense
139,3,327,198,Player,red,Defense
139,4,786,174,Player,red,Defense
139,5,404,104,Player,red,Defense
139,6,1078,316,Player,red,Defense
139,7,864,105,Player,red,Defense
139,8,132,140,Player,red,Defense
139,9,1050,276,Player,red,Defense
139,14,20,188,Player,red,Defense
139,40,1206,166,Player,red,Defense
139,65,156,105,Player,red,Defense
139,77,132,109,Player,red,Defense
139,0,260,128,Ball,blue,Ball
140,1,684,353,Player,red,Defense
140,2,460,349,Player,red,Defense
140,3,322,199,Player,red,Defense
140,4,782,175,Player,red,Defense
140,5,404,104,Player,red,Defense
140,6,1079,316,Player,red,Defense
140,7,864,105,Player,red,Defense
140,8,132,142,Player,red,Defense
140,9,1050,276,Player,red,Defense
140,11,1068,195,Player,red,Defense
140,14,20,188,Player,red,Defense
140,40,1206,166,Player,red,Defense
140,65,156,105,Player,red,Defense
140,77,132,113,Player,red,Defense
141,1,679,355,Player,red,Defense
141,2,460,348,Player,red,Defense
141,3,319,200,Player,red,Defense
141,4,778,175,Player,red,Defense
141,5,403,103,Player,red,Defense
141,6,1078,316,Player,red,Defense
141,7,864,105,Player,red,Defense
141,8,132,143,Player,red,Defense
141,9,1050,276,Player,red,Defense
141,11,1067,196,Player,red,Defense
141,14,20,188,Player,red,Defense
141,40,1206,166,Player,red,Defense
141,65,156,105,Player,red,Defense
141,77,132,116,Player,red,Defense
142,1,674,356,Player,red,Defense
142,2,459,348,Player,red,Defense
142,3,314,201,Player,red,Defense
142,4,776,175,Player,red,Defense
142,5,402,103,Player,red,Defense
142,6,1078,316,Player,red,Defense
142,7,864,105,Player,red,Defense
142,8,132,145,Player,red,Defense
142,11,1068,195,Player,red,Defense
142,14,20,188,Player,red,Defense
142,40,1206,166,Player,red,Defense
142,65,156,104,Player,red,Defense
142,77,132,117,Player,red,Defense
143,1,669,358,Player,red,Defense
143,2,459,347,Player,red,Defense
143,3,310,201,Player,red,Defense
143,4,775,175,Player,red,Defense
143,5,401,103,Player,red,Defense
143,6,1077,316,Player,red,Defense
143,7,864,105,Player,red,Defense
143,8,132,146,Player,red,Defense
143,9,1047,275,Player,red,Defense
143,11,1068,194,Player,red,Defense
143,14,20,188,Player,red,Defense
143,40,1206,166,Player,red,Defense
143,65,156,104,Player,red,Defense
143,77,132,120,Player,red,Defense
144,1,666,360,Player,red,Defense
144,2,459,346,Player,red,Defense
144,3,304,201,Player,red,Defense
144,4,772,175,Player,red,Defense
144,5,400,103,Player,red,Defense
144,6,1077,316,Player,red,Defense
144,7,864,105,Player,red,Defense
144,9,1046,275,Player,red,Defense
144,11,1067,195,Player,red,Defense
144,14,20,188,Player,red,Defense
144,40,1206,166,Player,red,Defense
144,65,156,104,Player,red,Defense
144,77,133,121,Player,red,Defense
144,0,230,139,Ball,blue,Ball
145,1,664,361,Player,red,Defense
145,2,458,345,Player,red,Defense
145,3,300,201,Player,red,Defense
145,4,770,176,Player,red,Defense
145,5,400,104,Player,red,Defense
145,6,1076,316,Player,red,Defense
145,7,864,105,Player,red,Defense
145,9,1040,275,Player,red,Defense
145,11,1066,196,Player,red,Defense
145,14,20,189,Player,red,Defense
145,40,1206,166,Player,red,Defense
145,65,157,105,Player,red,Defense
145,77,133,122,Player,red,Defense
146,1,662,362,Player,red,Defense
146,2,458,343,Player,red,Defense
146,3,295,201,Player,red,Defense
146,4,768,176,Player,red,Defense
146,5,399,105,Player,red,Defense
146,6,1076,316,Player,red,Defense
146,7,864,105,Player,red,Defense
146,9,1038,274,Player,red,Defense
146,11,1066,197,Player,red,Defense
146,14,20,188,Player,red,Defense
146,40,1206,166,Player,red,Defense
146,65,158,106,Player,red,Defense
146,77,133,122,Player,red,Defense
146,0,220,148,Ball,blue,Ball
147,1,660,363,Player,red,Defense
147,2,458,343,Player,red,Defense
147,3,292,201,Player,red,Defense
147,4,765,175,Player,red,Defense
147,5,396,104,Player,red,Defense
147,6,1076,317,Player,red,Defense
147,7,864,105,Player,red,Defense
147,9,1036,275,Player,red,Defense
147,11,1066,198,Player,red,Defense
147,14,20,188,Player,red,Defense
147,40,1206,166,Player,red,Defense
147,65,158,106,Player,red,Defense
147,77,133,122,Player,red,Defense
148,1,658,364,Player,red,Defense
148,2,458,342,Player,red,Defense
148,3,289,202,Player,red,Defense
148,4,762,175,Player,red,Defense
148,5,392,105,Player,red,Defense
148,6,1076,316,Player,red,Defense
148,7,864,105,Player,red,Defense
148,9,1034,274,Player,red,Defense
148,11,1066,197,Player,red,Defense
148,14,20,188,Player,red,Defense
148,40,1206,166,Player,red,Defense
148,65,158,106,Player,red,Defense
148,77,133,124,Player,red,Defense
