frame,ID,X,Y,Class,Color,Position,X_court,Y_court,X_court_intelligent,Y_court_intelligent,in_court_bounds,in_strict_bounds,X_court_final,Y_court_final,court_zone,court_side
1,0,656,351,Ball,blue,Ball,6.763317659096353,14.321107381042475,9.544973118044187,22.020774836390967,True,True,9.47665515745935,21.929746394330902,Far Baseline,Right
2,0,640,384,Ball,blue,Ball,6.556781241699758,15.841115147293946,9.501993227821572,22.468279887082875,True,True,9.633159438068882,22.579275799929523,Far Baseline,Right
3,1,650,210,Player,red,Defense,6.616949661788236,4.67752680737996,9.514514177506223,19.181611044411756,True,True,9.402842080145552,19.26725867945544,Far Baseline,Right
3,2,112,363,Player,red,Defense,-5.579935755490061,9.184728998056032,6.976362296592042,20.5085751492014,True,True,7.049560832340905,20.567799105702125,Far Baseline,Right
3,3,888,646,Player,red,Defense,8.719935830591824,24.337693079778116,9.95214215524584,23.77,True,True,10.07471703277857,23.767856456086015,Far Baseline,Right
3,4,405,160,Player,red,Defense,-0.460274676657922,-9.394819982318008,8.04175538280344,15.03857546045008,True,True,8.04046129542173,15.036229919755051,Far Service,Right
3,5,1189,282,Player,red,Defense,12.51505482790725,14.424508607485569,10.741900203450804,22.05121716182403,True,True,10.742603733778312,22.045881298420664,Far Baseline,Right
3,6,970,164,Player,red,Defense,11.46598484214602,6.213970153729735,10.523590457439871,19.6339548895285,True,True,10.523758111050796,19.634253080074014,Far Baseline,Right
3,7,52,148,Player,red,Defense,-35.00388017812736,-58.1562072520534,0.8532876488270603,0.6827494137423874,True,True,0.8732802871057308,0.7235589780204719,Near Baseline,Left
3,8,558,66,Player,red,Defense,3.567574629842846,-20.30375075374482,8.879944227215418,11.826880279509632,True,True,8.88190312526623,11.847060840075372,Near Service,Right
3,10,850,67,Player,red,Defense,10.733907019698696,-5.656395004922628,10.371246261487356,16.139204086278067,True,True,10.369173388702906,16.142087445663524,Far Service,Right
3,11,22,156,Player,red,Defense,-39.10428557899484,-60.4752523883876,0.0,0.0,True,True,-0.002673931059215208,-0.014699942074245603,Near Baseline,Left
3,13,326,123,Player,red,Defense,-5.898038157522156,-24.032477670785127,6.910165707674571,10.72910685685045,True,True,6.909688644224717,10.727643652328696,Near Service,Right
3,14,1133,116,Player,red,Defense,13.611170116805168,5.162251224215007,10.97,19.32431862100679,True,True,10.970000000000008,19.324130054437,Far Baseline,Right
3,15,175,123,Player,red,Defense,-19.93420594798744,-45.474488109992414,3.9892621770299153,4.416370710641527,True,True,3.969633206788,4.373948046332707,Near Baseline,Left
3,16,225,121,Player,red,Defense,-14.31512056596393,-37.47399315199522,5.158584642845364,6.771794137568015,True,True,5.152698055053957,6.758949009123249,Near Service,Left
3,63,1182,386,Player,red,Defense,11.785541005272162,18.05606867407664,10.590089571660238,23.120383719899166,True,True,10.589991884269281,23.120134967767058,Far Baseline,Right
3,69,285,122,Player,red,Defense,-8.84645814435908,-28.787208943515868,6.296604336940219,9.329267785977066,True,True,6.298663362642116,9.33373923905494,Near Service,Right
4,1,645,210,Player,red,Defense,6.524019359125622,4.583469638500696,9.495175533710906,19.153919700287208,True,True,9.419804964098471,19.101406770177796,Far Baseline,Right
4,2,112,363,Player,red,Defense,-5.579935755490061,9.184728998056032,6.976362296592042,20.5085751492014,True,True,7.002809223009019,20.532290007320718,Far Baseline,Right
4,3,894,646,Player,red,Defense,8.764262804458678,24.335469806584097,9.961366525914766,23.77,True,True,10.02323323238439,23.76862632876013,Far Baseline,Right
4,4,405,160,Player,red,Defense,-0.460274676657922,-9.394819982318008,8.04175538280344,15.03857546045008,True,True,8.040622954945103,15.03652292855505,Far Service,Right
4,5,1189,281,Player,red,Defense,12.522513539690662,14.384523134886912,10.743452349158055,22.03944505029968,True,True,10.742840055226274,22.044088939347652,Far Baseline,Right
4,6,970,164,Player,red,Defense,11.46598484214602,6.213970153729735,10.523590457439871,19.6339548895285,True,True,10.52364510277892,19.63405208232601,Far Baseline,Right
4,7,52,148,Player,red,Defense,-35.00388017812736,-58.1562072520534,0.8532876488270603,0.6827494137423874,True,True,0.8647080236609538,0.710930872379988,Near Baseline,Left
4,8,558,66,Player,red,Defense,3.567574629842846,-20.30375075374482,8.879944227215418,11.826880279509632,True,True,8.880976716158534,11.83543215192815,Near Service,Right
4,10,850,67,Player,red,Defense,10.733907019698696,-5.656395004922628,10.371246261487356,16.139204086278067,True,True,10.368909556832199,16.138086475695896,Far Service,Right
4,11,22,156,Player,red,Defense,-39.10428557899484,-60.4752523883876,0.0,0.0,True,True,-0.0010695724236860838,-0.005879976829698242,Near Baseline,Left
4,13,326,123,Player,red,Defense,-5.898038157522156,-24.032477670785127,6.910165707674571,10.72910685685045,True,True,6.910248618388282,10.729620377675962,Near Service,Right
4,14,1133,116,Player,red,Defense,13.611170116805168,5.162251224215007,10.97,19.32431862100679,True,True,10.970000000000006,19.32544478382012,Far Baseline,Right
4,15,174,123,Player,red,Defense,-20.069488113250717,-45.68114862040495,3.961110179985595,4.35552784901836,True,True,3.968074392542234,4.370579094591838,Near Baseline,Left
4,16,225,121,Player,red,Defense,-14.31512056596393,-37.47399315199522,5.158584642845364,6.771794137568015,True,True,5.153813296401994,6.7613825782587265,Near Service,Left
4,63,1182,386,Player,red,Defense,11.785541005272162,18.05606867407664,10.590089571660238,23.120383719899166,True,True,10.590077577561496,23.120076646203422,Far Baseline,Right
4,69,285,122,Player,red,Defense,-8.84645814435908,-28.787208943515868,6.296604336940219,9.329267785977066,True,True,6.29711170616081,9.330369606930994,Near Service,Right
5,1,640,209,Player,red,Defense,6.429139259963627,4.397300296716707,9.475431140457184,19.099109637745368,True,True,9.453930289668632,19.018427349354212,Far Baseline,Right
5,2,112,363,Player,red,Defense,-5.579935755490061,9.184728998056032,6.976362296592042,20.5085751492014,True,True,6.967037259755749,20.504394830577507,Far Baseline,Right
5,3,902,646,Player,red,Defense,8.822996360496985,24.332523953769478,9.973588882740406,23.77,True,True,9.97360143266157,23.769404714115414,Far Baseline,Right
5,4,405,160,Player,red,Defense,-0.460274676657922,-9.394819982318008,8.04175538280344,15.03857546045008,True,True,8.0407920542831,15.036829422061112,Far Service,Right
5,5,1189,281,Player,red,Defense,12.522513539690662,14.384523134886912,10.743452349158055,22.03944505029968,True,True,10.7430186526118,22.04273438330917,Far Baseline,Right
5,6,970,164,Player,red,Defense,11.46598484214602,6.213970153729735,10.523590457439871,19.6339548895285,True,True,10.52355187342205,19.63388626357251,Far Baseline,Right
5,7,52,148,Player,red,Defense,-35.00388017812736,-58.1562072520534,0.8532876488270603,0.6827494137423874,True,True,0.8564313569220876,0.6965212798041748,Near Baseline,Left
5,8,558,66,Player,red,Defense,3.567574629842846,-20.30375075374482,8.879944227215418,11.826880279509632,True,True,8.880096668874296,11.825034801219607,Near Service,Right
5,10,849,67,Player,red,Defense,10.717486953068097,-5.689446694119954,10.367829272512108,16.129473347937054,True,True,10.368827313831504,16.13476323653264,Far Service,Right
5,11,22,156,Player,red,Defense,-39.10428557899484,-60.4752523883876,0.0,0.0,True,True,0.00013369655296075885,0.0007349971037122752,Near Baseline,Left
5,13,326,123,Player,red,Defense,-5.898038157522156,-24.032477670785127,6.910165707674571,10.72910685685045,True,True,6.9106073767758005,10.730851643245524,Near Service,Right
5,14,1133,116,Player,red,Defense,13.611170116805168,5.162251224215007,10.97,19.32431862100679,True,True,10.970000000000004,19.325921233335357,Far Baseline,Right
5,15,174,123,Player,red,Defense,-20.069488113250717,-45.68114862040495,3.961110179985595,4.35552784901836,True,True,3.9670859734364226,4.368442896339691,Near Baseline,Left
5,16,225,121,Player,red,Defense,-14.31512056596393,-37.47399315199522,5.158584642845364,6.771794137568015,True,True,5.1551697702525185,6.764342541052008,Near Service,Left
5,63,1182,386,Player,red,Defense,11.785541005272162,18.05606867407664,10.590089571660238,23.120383719899166,True,True,10.590129008159545,23.120131317894824,Far Baseline,Right
5,69,285,122,Player,red,Defense,-8.84645814435908,-28.787208943515868,6.296604336940219,9.329267785977066,True,True,6.295906404321816,9.327752130804887,Near Service,Right
6,1,636,210,Player,red,Defense,6.354384357274085,4.411777654725372,9.459874767631034,19.103371912566192,True,True,9.502533612702162,19.008872274740533,Far Baseline,Right
6,2,112,363,Player,red,Defense,-5.579935755490061,9.184728998056032,6.976362296592042,20.5085751492014,True,True,6.9417530665100315,20.48373449584154,Far Baseline,Right
6,3,908,645,Player,red,Defense,8.86877044673057,24.30991725391069,9.983114395122962,23.77,True,True,9.925972284322608,23.77015894479498,Out of Bounds,Right
6,4,405,160,Player,red,Defense,-0.460274676657922,-9.394819982318008,8.04175538280344,15.03857546045008,True,True,8.040962347236215,15.037138079001325,Far Service,Right
6,5,1189,281,Player,red,Defense,12.522513539690662,14.384523134886912,10.743452349158055,22.03944505029968,True,True,10.743144222475587,22.0417820098086,Far Baseline,Right
6,6,970,164,Player,red,Defense,11.46598484214602,6.213970153729735,10.523590457439871,19.6339548895285,True,True,10.523476995160976,19.63375308427864,Far Baseline,Right
6,7,52,148,Player,red,Defense,-35.00388017812736,-58.1562072520534,0.8532876488270603,0.6827494137423874,True,True,0.8485025829396797,0.6807349222399659,Near Baseline,Left
6,8,558,66,Player,red,Defense,3.567574629842846,-20.30375075374482,8.879944227215418,11.826880279509632,True,True,8.879265445490335,11.815793479362362,Near Service,Right
6,10,849,67,Player,red,Defense,10.717486953068097,-5.689446694119954,10.367829272512108,16.129473347937054,True,True,10.368908010885331,16.132071897255113,Far Service,Right
6,11,22,156,Player,red,Defense,-39.10428557899484,-60.4752523883876,0.0,0.0,True,True,0.0009765661259742485,0.005368674496680999,Near Baseline,Left
6,13,326,123,Player,red,Defense,-5.898038157522156,-24.032477670785127,6.910165707674571,10.72910685685045,True,True,6.910785755504404,10.731415723852674,Near Service,Right
6,14,1133,116,Player,red,Defense,13.611170116805168,5.162251224215007,10.97,19.32431862100679,True,True,10.970000000000004,19.325655731177346,Far Baseline,Right
6,15,174,123,Player,red,Defense,-20.069488113250717,-45.68114862040495,3.961110179985595,4.35552784901836,True,True,3.966630992787236,4.367459579787186,Near Baseline,Left
6,16,225,121,Player,red,Defense,-14.31512056596393,-37.47399315199522,5.158584642845364,6.771794137568015,True,True,5.156734912557696,6.76775783946541,Near Service,Left
6,63,1182,386,Player,red,Defense,11.785541005272162,18.05606867407664,10.590089571660238,23.120383719899166,True,True,10.590149456403985,23.120289018902035,Far Baseline,Right
6,69,285,122,Player,red,Defense,-8.84645814435908,-28.787208943515868,6.296604336940219,9.329267785977066,True,True,6.295057062182963,9.32590766936012,Near Service,Right
7,1,634,210,Player,red,Defense,6.316268886768375,4.373199998745018,9.451943000639195,19.092014275928825,True,True,9.562930489045202,19.0632934040926,Far Baseline,Right
7,2,112,363,Player,red,Defense,-5.579935755490061,9.184728998056032,6.976362296592042,20.5085751492014,True,True,6.926464767200802,20.469929923481878,Far Baseline,Right
7,3,910,645,Player,red,Defense,8.883323322003445,24.309205409666923,9.9861428246345,23.77,True,True,9.88049643808001,23.770856353441943,Out of Bounds,Right
7,4,404,160,Player,red,Defense,-0.4999537552211277,-9.445654355898425,8.033498231535505,15.023609327097947,True,True,8.041127587604944,15.037437578103779,Far Service,Right
7,5,1189,282,Player,red,Defense,12.51505482790725,14.424508607485569,10.741900203450804,22.05121716182403,True,True,10.743221461358338,22.041196198349343,Far Baseline,Right
7,6,970,164,Player,red,Defense,11.46598484214602,6.213970153729735,10.523590457439871,19.6339548895285,True,True,10.523419040176485,19.633650004909537,Far Baseline,Right
7,7,52,148,Player,red,Defense,-35.00388017812736,-58.1562072520534,0.8532876488270603,0.6827494137423874,True,True,0.8409739977642773,0.6639765216342945,Near Baseline,Left
7,8,558,66,Player,red,Defense,3.567574629842846,-20.30375075374482,8.879944227215418,11.826880279509632,True,True,8.878485508083468,11.807632877769029,Near Service,Right
7,10,849,67,Player,red,Defense,10.717486953068097,-5.689446694119954,10.367829272512108,16.129473347937054,True,True,10.369132999178193,16.12996662694471,Far Service,Right
7,11,22,156,Player,red,Defense,-39.10428557899484,-60.4752523883876,0.0,0.0,True,True,0.0014997265506033108,0.008244750119902965,Near Baseline,Left
7,13,326,123,Player,red,Defense,-5.898038157522156,-24.032477670785127,6.910165707674571,10.72910685685045,True,True,6.910804590691222,10.731390894312701,Near Service,Right
7,14,1133,116,Player,red,Defense,13.611170116805168,5.162251224215007,10.97,19.32431862100679,True,True,10.970000000000008,19.324744605540708,Far Baseline,Right
7,15,174,123,Player,red,Defense,-20.069488113250717,-45.68114862040495,3.961110179985595,4.35552784901836,True,True,3.966672493911338,4.367549273145244,Near Baseline,Left
7,16,224,121,Player,red,Defense,-14.419364202794254,-37.634776441079495,5.1368917127372065,6.724457975523584,True,True,5.158476159269692,6.771557415461247,Near Service,Left
7,63,1182,386,Player,red,Defense,11.785541005272162,18.05606867407664,10.590089571660238,23.120383719899166,True,True,10.590142202635368,23.12053978528583,Far Baseline,Right
7,69,285,122,Player,red,Defense,-8.84645814435908,-28.787208943515868,6.296604336940219,9.329267785977066,True,True,6.294573284802091,9.324857081280177,Near Service,Right
7,0,938,523,Ball,blue,Ball,9.388004836499316,21.499620616232296,10.091166221301464,23.77,True,True,10.045927697588109,23.926043454058178,Out of Bounds,Right
8,1,634,211,Player,red,Defense,6.317546232808439,4.464766647438533,9.452208814258267,19.11897238671949,True,True,9.632436474543884,19.172242595166267,Far Baseline,Right
8,2,112,363,Player,red,Defense,-5.579935755490061,9.184728998056032,6.976362296592042,20.5085751492014,True,True,6.920680485756994,20.462602033867565,Far Baseline,Right
8,3,910,645,Player,red,Defense,8.883323322003445,24.309205409666923,9.9861428246345,23.77,True,True,9.83732454464627,23.771464272699415,Out of Bounds,Right
8,4,405,160,Player,red,Defense,-0.460274676657922,-9.394819982318008,8.04175538280344,15.03857546045008,True,True,8.041281529189778,15.037716598096546,Far Service,Right
8,5,1189,281,Player,red,Defense,12.522513539690662,14.384523134886912,10.743452349158055,22.03944505029968,True,True,10.743255065800746,22.04094132843478,Far Baseline,Right
8,6,970,164,Player,red,Defense,11.46598484214602,6.213970153729735,10.523590457439871,19.6339548895285,True,True,10.523376580649353,19.63357448593033,Far Baseline,Right
8,7,52,148,Player,red,Defense,-35.00388017812736,-58.1562072520534,0.8532876488270603,0.6827494137423874,True,True,0.8338978974464271,0.6466507999340931,Near Baseline,Left
8,8,558,66,Player,red,Defense,3.567574629842846,-20.30375075374482,8.879944227215418,11.826880279509632,True,True,8.877759318730508,11.80047768785221,Near Service,Right
8,10,849,67,Player,red,Defense,10.717486953068097,-5.689446694119954,10.367829272512108,16.129473347937054,True,True,10.369483629894587,16.12840159468278,Far Service,Right
8,11,22,156,Player,red,Defense,-39.10428557899484,-60.4752523883876,0.0,0.0,True,True,0.0017438680820968727,0.009586918744073207,Near Baseline,Left
8,13,326,123,Player,red,Defense,-5.898038157522156,-24.032477670785127,6.910165707674571,10.72910685685045,True,True,6.9106847184533775,10.73085542944089,Near Service,Right
8,14,1133,116,Player,red,Defense,13.611170116805168,5.162251224215007,10.97,19.32431862100679,True,True,10.97,19.32328418462007,Far Baseline,Right
8,15,174,123,Player,red,Defense,-20.069488113250717,-45.68114862040495,3.961110179985595,4.35552784901836,True,True,3.967173520125395,4.3686321046247825,Near Baseline,Left
8,16,225,121,Player,red,Defense,-14.31512056596393,-37.47399315199522,5.158584642845364,6.771794137568015,True,True,5.1603609463406706,6.775670211001833,Near Service,Left
8,63,1182,386,Player,red,Defense,11.785541005272162,18.05606867407664,10.590089571660238,23.120383719899166,True,True,10.590110527194248,23.120873653106973,Far Baseline,Right
8,69,285,122,Player,red,Defense,-8.84645814435908,-28.787208943515868,6.296604336940219,9.329267785977066,True,True,6.294464677237036,9.32462122524856,Near Service,Right
8,0,949,526,Ball,blue,Ball,9.465899289630752,21.58820897163961,10.107375929433038,23.77,True,True,10.067195028180196,23.840838520021023,Out of Bounds,Right
9,1,633,211,Player,red,Defense,6.298475491820906,4.445555715582446,9.44824022429026,19.113316501779313,True,True,9.708367125044342,19.326271705717378,Far Baseline,Right
9,2,112,363,Player,red,Defense,-5.579935755490061,9.184728998056032,6.976362296592042,20.5085751492014,True,True,6.923908346107548,20.46137174736768,Far Baseline,Right
9,3,914,645,Player,red,Defense,8.912351514414794,24.3077855148841,9.992183543936827,23.77,True,True,9.796607254733894,23.771950035210537,Out of Bounds,Right
9,4,405,160,Player,red,Defense,-0.460274676657922,-9.394819982318008,8.04175538280344,15.03857546045008,True,True,8.041417925791219,15.037963817707727,Far Service,Right
9,5,1189,281,Player,red,Defense,12.522513539690662,14.384523134886912,10.743452349158055,22.03944505029968,True,True,10.74324973234352,22.040981779568316,Far Baseline,Right
9,6,970,164,Player,red,Defense,11.46598484214602,6.213970153729735,10.523590457439871,19.6339548895285,True,True,10.523348188760378,19.63352398780616,Far Baseline,Right
9,7,52,148,Player,red,Defense,-35.00388017812736,-58.1562072520534,0.8532876488270603,0.6827494137423874,True,True,0.8273265780366772,0.6291624790862959,Near Baseline,Left
9,8,558,66,Player,red,Defense,3.567574629842846,-20.30375075374482,8.879944227215418,11.826880279509632,True,True,8.877089339508277,11.794252601024532,Near Service,Right
9,10,849,67,Player,red,Defense,10.717486953068097,-5.689446694119954,10.367829272512108,16.129473347937054,True,True,10.369941254219036,16.12733096955072,Far Service,Right
9,11,22,156,Player,red,Defense,-39.10428557899484,-60.4752523883876,0.0,0.0,True,True,0.0017496809757038619,0.009618875139886787,Near Baseline,Left
9,13,326,123,Player,red,Defense,-5.898038157522156,-24.032477670785127,6.910165707674571,10.72910685685045,True,True,6.9104469749080115,10.729887604052541,Near Service,Right
9,14,1133,116,Player,red,Defense,13.611170116805168,5.162251224215007,10.97,19.32431862100679,True,True,10.970000000000002,19.321370796610083,Far Baseline,Right
9,15,174,123,Player,red,Defense,-20.069488113250717,-45.68114862040495,3.961110179985595,4.35552784901836,True,True,3.968097114746077,4.370628202436727,Near Baseline,Left
9,16,225,121,Player,red,Defense,-14.31512056596393,-37.47399315199522,5.158584642845364,6.771794137568015,True,True,5.162356709722801,6.780025168049489,Near Service,Left
9,63,1182,386,Player,red,Defense,11.785541005272162,18.05606867407664,10.590089571660238,23.120383719899166,True,True,10.590057710421188,23.121280658426237,Far Baseline,Right
9,69,285,122,Player,red,Defense,-8.84645814435908,-28.787208943515868,6.296604336940219,9.329267785977066,True,True,6.294740844545631,9.325220959948759,Near Service,Right
9,0,959,531,Ball,blue,Ball,9.528849191516413,21.72517669287655,10.120475700924546,23.77,True,True,10.072255020799673,23.645986567666252,Far Baseline,Right
10,1,632,210,Player,red,Defense,6.277999120495189,4.334466176017731,9.44397912495083,19.08061066228426,True,True,9.78803799639271,19.515932593501773,Far Baseline,Right
10,2,112,363,Player,red,Defense,-5.579935755490061,9.184728998056032,6.976362296592042,20.5085751492014,True,True,6.9356564721814,20.465859984351262,Far Baseline,Right
10,3,916,646,Player,red,Defense,8.92477772262903,24.327418985973605,9.994769417516235,23.77,True,True,9.758495219055385,23.77228097361841,Out of Bounds,Right
10,4,405,160,Player,red,Defense,-0.460274676657922,-9.394819982318008,8.04175538280344,15.03857546045008,True,True,8.041530531209757,15.038167915665401,Far Service,Right
10,5,1189,281,Player,red,Defense,12.522513539690662,14.384523134886912,10.743452349158055,22.03944505029968,True,True,10.743210157527352,22.04128193125335,Far Baseline,Right
10,6,970,164,Player,red,Defense,11.46598484214602,6.213970153729735,10.523590457439871,19.6339548895285,True,True,10.52333243669034,19.633495971002155,Far Baseline,Right
10,7,52,148,Player,red,Defense,-35.00388017812736,-58.1562072520534,0.8532876488270603,0.6827494137423874,True,True,0.8213123355855744,0.6119162810378352,Near Baseline,Left
10,8,558,66,Player,red,Defense,3.567574629842846,-20.30375075374482,8.879944227215418,11.826880279509632,True,True,8.87647803249359,11.7888823086986,Near Service,Right
10,10,849,67,Player,red,Defense,10.717486953068097,-5.689446694119954,10.367829272512108,16.129473347937054,True,True,10.370487223336042,16.12670892062988,Far Service,Right
10,11,22,156,Player,red,Defense,-39.10428557899484,-60.4752523883876,0.0,0.0,True,True,0.001557855486673206,0.008564314078038732,Near Baseline,Left
10,13,326,123,Player,red,Defense,-5.898038157522156,-24.032477670785127,6.910165707674571,10.72910685685045,True,True,6.910112196172248,10.728565692962935,Near Service,Right
10,14,1133,116,Player,red,Defense,13.611170116805168,5.162251224215007,10.97,19.32431862100679,True,True,10.97,19.31910076970536,Far Baseline,Right
10,15,174,123,Player,red,Defense,-20.069488113250717,-45.68114862040495,3.961110179985595,4.35552784901836,True,True,3.9694063210900477,4.373457694791994,Near Baseline,Left
10,16,224,121,Player,red,Defense,-14.419364202794254,-37.634776441079495,5.1368917127372065,6.724457975523584,True,True,5.1644308853682475,6.78455122856653,Near Service,Left
10,63,1182,386,Player,red,Defense,11.785541005272162,18.05606867407664,10.590089571660238,23.120383719899166,True,True,10.589987032656738,23.1217508373044,Far Baseline,Right
10,69,285,122,Player,red,Defense,-8.84645814435908,-28.787208943515868,6.296604336940219,9.329267785977066,True,True,6.295411391785712,9.326677144064266,Near Service,Right
10,0,970,537,Ball,blue,Ball,9.5951078317632,21.88502436875409,10.134264015450398,23.77,True,True,10.062916862217103,23.349636807059444,Far Baseline,Right
11,1,862,210,Player,red,Defense,9.855262826606308,7.955107526481488,10.188401843830325,20.146562644274635,True,True,9.868764644435124,19.72717567194065,Far Baseline,Right
11,2,112,363,Player,red,Defense,-5.579935755490061,9.184728998056032,6.976362296592042,20.5085751492014,True,True,6.955432987907485,20.475687665187372,Far Baseline,Right
11,3,626,579,Player,red,Defense,6.490666296594775,22.76553854637319,9.488234816019405,23.77,True,True,9.723139088323244,23.77242442056616,Out of Bounds,Right
11,4,405,160,Player,red,Defense,-0.460274676657922,-9.394819982318008,8.04175538280344,15.03857546045008,True,True,8.041613099245888,15.03831757069766,Far Service,Right
11,5,1189,281,Player,red,Defense,12.522513539690662,14.384523134886912,10.743452349158055,22.03944505029968,True,True,10.74314103789295,22.04180616299327,Far Baseline,Right
11,6,970,164,Player,red,Defense,11.46598484214602,6.213970153729735,10.523590457439871,19.6339548895285,True,True,10.523327896620032,19.633487895983464,Far Baseline,Right
11,7,51,148,Player,red,Defense,-35.22926928928072,-58.46182553687397,0.8063845439080722,0.5927724221259008,True,True,0.8159074661436663,0.595316927735645,Near Baseline,Left
11,8,557,65,Player,red,Defense,3.5178659065651248,-20.62864028800761,8.869599923307598,11.731229644869725,True,True,8.875927859763268,11.784291502287028,Near Service,Right
11,10,850,67,Player,red,Defense,10.733907019698696,-5.656395004922628,10.371246261487356,16.139204086278067,True,True,10.37110288843012,16.126489617001656,Far Service,Right
11,11,22,156,Player,red,Defense,-39.10428557899484,-60.4752523883876,0.0,0.0,True,True,0.0012090818702538318,0.0066469303292240895,Near Baseline,Left
11,12,1269,147,Player,red,Defense,14.358547546266587,8.707189534656333,10.97,20.36798289268742,True,True,10.970000000000004,20.36798289268742,Far Baseline,Right
11,13,326,123,Player,red,Defense,-5.898038157522156,-24.032477670785127,6.910165707674571,10.72910685685045,True,True,6.909701218363217,10.726967970987369,Near Service,Right
11,15,174,123,Player,red,Defense,-20.069488113250717,-45.68114862040495,3.961110179985595,4.35552784901836,True,True,3.971064182473976,4.377040709901504,Near Baseline,Left
11,16,226,121,Player,red,Defense,-14.21142371983985,-37.31405322190017,5.180163786703012,6.818882006534208,True,True,5.166550909229177,6.789177334515272,Near Service,Left
11,63,1182,386,Player,red,Defense,11.785541005272162,18.05606867407664,10.590089571660238,23.120383719899166,True,True,10.589901774241458,23.12227422580223,Far Baseline,Right
11,69,285,122,Player,red,Defense,-8.84645814435908,-28.787208943515868,6.296604336940219,9.329267785977066,True,True,6.296485924015116,9.329010636278582,Near Service,Right
11,93,482,66,Player,red,Defense,0.3604394148860532,-26.79227195215996,8.212544641198388,9.916596613674777,True,True,8.212544641198388,9.916596613674777,Near Service,Right
12,1,872,208,Player,red,Defense,9.99184352016694,7.946915837872787,10.216824062486769,20.14415093157982,True,True,9.947862625017718,19.927545577116618,Far Baseline,Right
12,2,114,362,Player,red,Defense,-5.538738867060185,9.121561623578296,6.9849353016075675,20.48997806059083,True,True,6.982746017214738,20.49047571024506,Far Baseline,Right
12,3,643,539,Player,red,Defense,6.653458172323314,21.638891667254644,9.522111538759836,23.77,True,True,9.690689513249964,23.77234770869689,Out of Bounds,Right
12,4,405,160,Player,red,Defense,-0.460274676657922,-9.394819982318008,8.04175538280344,15.03857546045008,True,True,8.041659383700104,15.03840146153258,Far Service,Right
12,5,1189,281,Player,red,Defense,12.522513539690662,14.384523134886912,10.743452349158055,22.03944505029968,True,True,10.743047069981007,22.042518854291465,Far Baseline,Right
12,6,969,164,Player,red,Defense,11.45472018483703,6.199808451118105,10.521246300701613,19.62978554672262,True,True,10.523333140730228,19.6334972232152,Far Baseline,Right
12,7,51,148,Player,red,Defense,-35.22926928928072,-58.46182553687397,0.8063845439080722,0.5927724221259008,True,True,0.8111642657614995,0.5797691411266578,Near Baseline,Left
12,8,558,65,Player,red,Defense,3.554847749717573,-20.55343821523734,8.877295784303724,11.753369865554381,True,True,8.875441283394117,11.780404873202427,Near Service,Right
12,10,850,67,Player,red,Defense,10.733907019698696,-5.656395004922628,10.371246261487356,16.139204086278067,True,True,10.371769600685766,16.1266272277474,Far Service,Right
12,11,22,156,Player,red,Defense,-39.10428557899484,-60.4752523883876,0.0,0.0,True,True,0.0007440503816946634,0.004090418664137891,Near Baseline,Left
12,12,1269,147,Player,red,Defense,14.358547546266587,8.707189534656333,10.97,20.36798289268742,True,True,10.970000000000002,20.367982892687426,Far Baseline,Right
12,13,326,123,Player,red,Defense,-5.898038157522156,-24.032477670785127,6.910165707674571,10.72910685685045,True,True,6.909234877598049,10.725172712941124,Near Service,Right
12,14,1133,116,Player,red,Defense,13.611170116805168,5.162251224215007,10.97,19.32431862100679,True,True,10.97,19.313876111990243,Far Baseline,Right
12,15,175,123,Player,red,Defense,-19.93420594798744,-45.474488109992414,3.9892621770299153,4.416370710641527,True,True,3.973033742214526,4.381297375976178,Near Baseline,Left
12,16,226,121,Player,red,Defense,-14.21142371983985,-37.31405322190017,5.180163786703012,6.818882006534208,True,True,5.168684217257752,6.793832427858028,Near Service,Left
12,63,1182,387,Player,red,Defense,11.77982570610652,18.087033141577574,10.588900227263618,23.129499959898933,True,True,10.589805215515899,23.122840859980492,Far Baseline,Right
12,69,285,122,Player,red,Defense,-8.84645814435908,-28.787208943515868,6.296604336940219,9.329267785977066,True,True,6.297974046291675,9.332242295275194,Near Service,Right
13,1,872,207,Player,red,Defense,9.997596240938623,7.879118252474417,10.218021194258323,20.124190663899533,True,True,10.022647493986625,20.079985500777624,Far Baseline,Right
13,2,113,362,Player,red,Defense,-5.576619423640768,9.10384395135107,6.977052419818837,20.484761805789876,True,True,7.017103684032099,20.509845039893403,Far Baseline,Right
13,3,645,536,Player,red,Defense,6.67396837531831,21.5513779051654,9.526379678414237,23.77,True,True,9.66129714454806,23.772018170653737,Out of Bounds,Right
13,4,405,160,Player,red,Defense,-0.460274676657922,-9.394819982318008,8.04175538280344,15.03857546045008,True,True,8.041663138372906,15.038408266898259,Far Service,Right
13,5,1189,281,Player,red,Defense,12.522513539690662,14.384523134886912,10.743452349158055,22.03944505029968,True,True,10.742932950332225,22.04338438465134,Far Baseline,Right
13,6,970,164,Player,red,Defense,11.46598484214602,6.213970153729735,10.523590457439871,19.6339548895285,True,True,10.523346741201726,19.633521413162516,Far Baseline,Right
13,7,51,148,Player,red,Defense,-35.22926928928072,-58.46182553687397,0.8063845439080722,0.5927724221259008,True,True,0.8071350304896221,0.5656776431578072,Near Baseline,Left
13,8,558,65,Player,red,Defense,3.554847749717573,-20.55343821523734,8.877295784303724,11.753369865554381,True,True,8.875020765462967,11.777147112857419,Near Service,Right
13,10,850,67,Player,red,Defense,10.733907019698696,-5.656395004922628,10.371246261487356,16.139204086278067,True,True,10.372468711287508,16.127075921948496,Far Service,Right
13,11,22,156,Player,red,Defense,-39.10428557899484,-60.4752523883876,0.0,0.0,True,True,0.00020345127624463242,0.001118473853475189,Near Baseline,Left
13,12,1269,147,Player,red,Defense,14.358547546266587,8.707189534656333,10.97,20.36798289268742,True,True,10.970000000000002,20.367982892687422,Far Baseline,Right
13,13,326,123,Player,red,Defense,-5.898038157522156,-24.032477670785127,6.910165707674571,10.72910685685045,True,True,6.908734009993874,10.723258193639499,Near Service,Right
13,14,1133,115,Player,red,Defense,13.623088334998323,5.092365084178928,10.97,19.30374346255438,True,True,10.970000000000002,19.31111413756912,Far Baseline,Right
13,15,175,123,Player,red,Defense,-19.93420594798744,-45.474488109992414,3.9892621770299153,4.416370710641527,True,True,3.9752780436283675,4.386147821226938,Near Baseline,Left
13,16,226,121,Player,red,Defense,-14.21142371983985,-37.31405322190017,5.180163786703012,6.818882006534208,True,True,5.170798245406145,6.7984454505571215,Near Service,Left
13,63,1182,386,Player,red,Defense,11.785541005272162,18.05606867407664,10.590089571660238,23.120383719899166,True,True,10.589700636820623,23.12344077589997,Far Baseline,Right
13,69,284,122,Player,red,Defense,-8.923618724172535,-28.90564908582735,6.280547346644277,9.294397857634683,True,True,6.299885363673228,9.336392979737594,Near Service,Right
14,1,871,208,Player,red,Defense,9.979384939959482,7.934186417812723,10.214231452348587,20.140403266669324,True,True,10.090434807187982,20.1581051677845,Far Baseline,Right
14,2,111,362,Player,red,Defense,-5.652661101962526,9.068277379639106,6.961228271090931,20.47429066160872,True,True,7.058014112288502,20.533416574501437,Far Baseline,Right
14,3,647,534,Player,red,Defense,6.694830232179288,21.493543321723564,9.530720996662259,23.77,True,True,9.63511263293002,23.771403139079805,Out of Bounds,Right
14,4,405,160,Player,red,Defense,-0.460274676657922,-9.394819982318008,8.04175538280344,15.03857546045008,True,True,8.041618117064784,15.038326665522776,Far Service,Right
14,5,1189,281,Player,red,Defense,12.522513539690662,14.384523134886912,10.743452349158055,22.03944505029968,True,True,10.742803375487306,22.04436713357628,Far Baseline,Right
14,6,970,164,Player,red,Defense,11.46598484214602,6.213970153729735,10.523590457439871,19.6339548895285,True,True,10.523367270215306,19.633557926290536,Far Baseline,Right
14,7,51,148,Player,red,Defense,-35.22926928928072,-58.46182553687397,0.8063845439080722,0.5927724221259008,True,True,0.8038720563785808,0.5534471557760263,Near Baseline,Left
14,8,558,65,Player,red,Defense,3.554847749717573,-20.55343821523734,8.877295784303724,11.753369865554381,True,True,8.874668768046627,11.774442912664606,Near Service,Right
14,10,850,67,Player,red,Defense,10.733907019698696,-5.656395004922628,10.371246261487356,16.139204086278067,True,True,10.373181571419842,16.127789868686314,Far Service,Right
14,11,22,156,Player,red,Defense,-39.10428557899484,-60.4752523883876,0.0,0.0,True,True,-0.00037202519084733533,-0.0020452093320689696,Near Baseline,Left
14,12,1269,147,Player,red,Defense,14.358547546266587,8.707189534656333,10.97,20.36798289268742,True,True,10.970000000000002,20.36798289268742,Far Baseline,Right
14,13,326,123,Player,red,Defense,-5.898038157522156,-24.032477670785127,6.910165707674571,10.72910685685045,True,True,6.908219451667821,10.721302687897778,Near Service,Right
14,14,1133,115,Player,red,Defense,13.623088334998323,5.092365084178928,10.97,19.30374346255438,True,True,10.970000000000002,19.30838083703178,Far Baseline,Right
14,15,175,123,Player,red,Defense,-19.93420594798744,-45.474488109992414,3.9892621770299153,4.416370710641527,True,True,3.9777601300321654,4.391512173864704,Near Baseline,Left
14,16,226,121,Player,red,Defense,-14.21142371983985,-37.31405322190017,5.180163786703012,6.818882006534208,True,True,5.172860429626517,6.802945344574862,Near Service,Left
14,63,1182,386,Player,red,Defense,11.785541005272162,18.05606867407664,10.590089571660238,23.120383719899166,True,True,10.58959131849618,23.12406400962142,Far Baseline,Right
14,69,285,122,Player,red,Defense,-8.84645814435908,-28.787208943515868,6.296604336940219,9.329267785977066,True,True,6.302229481217609,9.341483548349283,Near Service,Right
14,0,719,307,Ball,blue,Ball,7.653291612161027,12.441920512105709,9.73017524019709,21.467523969050333,True,True,9.91776645127758,21.910387702518655,Far Baseline,Right
15,1,868,208,Player,red,Defense,9.94188661589767,7.895872909324369,10.206428112521046,20.129123397619345,True,True,10.148540120467919,20.178180435449548,Far Baseline,Right
15,2,129,361,Player,red,Defense,-5.013912993744382,9.28584596219595,7.094150706355231,20.538344965624663,True,True,7.104985425912882,20.560811234438223,Far Baseline,Right
15,3,658,514,Player,red,Defense,6.80985489547309,20.892057930347463,9.554657440721748,23.77,True,True,9.612286629108352,23.77046994661821,Out of Bounds,Right
15,4,405,160,Player,red,Defense,-0.460274676657922,-9.394819982318008,8.04175538280344,15.03857546045008,True,True,8.041518073576231,15.038145336134212,Far Service,Right
15,5,1189,282,Player,red,Defense,12.51505482790725,14.424508607485569,10.741900203450804,22.05121716182403,True,True,10.74266304198694,22.045431480569682,Far Baseline,Right
15,6,970,164,Player,red,Defense,11.46598484214602,6.213970153729735,10.523590457439871,19.6339548895285,True,True,10.523393299951755,19.633604223064392,Far Baseline,Right
15,7,51,148,Player,red,Defense,-35.22926928928072,-58.46182553687397,0.8063845439080722,0.5927724221259008,True,True,0.8014276394789231,0.5434824009282481,Near Baseline,Left
15,8,557,65,Player,red,Defense,3.5178659065651248,-20.62864028800761,8.869599923307598,11.731229644869725,True,True,8.874387753221914,11.772216964036605,Near Service,Right
15,10,851,66,Player,red,Defense,10.760194219787405,-5.751989897562768,10.376716584776167,16.11106002134193,True,True,10.37388953226728,16.12872323704222,Far Service,Right
15,11,21,156,Player,red,Defense,-39.35628790527573,-60.80426086162618,0.0,0.0,True,True,-0.0009416887643323149,-0.005176936121799553,Near Baseline,Left
15,12,1269,147,Player,red,Defense,14.358547546266587,8.707189534656333,10.97,20.36798289268742,True,True,10.969999999999999,20.367982892687415,Far Baseline,Right
15,13,326,123,Player,red,Defense,-5.898038157522156,-24.032477670785127,6.910165707674571,10.72910685685045,True,True,6.907712038737021,10.71938447053125,Near Service,Right
15,14,1132,115,Player,red,Defense,13.61398089760671,5.07790580936887,10.97,19.299486511602876,True,True,10.97,19.305772538572864,Far Baseline,Right
15,15,175,123,Player,red,Defense,-19.93420594798744,-45.474488109992414,3.9892621770299153,4.416370710641527,True,True,3.9804430447425867,4.397310562100392,Near Baseline,Left
15,16,226,121,Player,red,Defense,-14.21142371983985,-37.31405322190017,5.180163786703012,6.818882006534208,True,True,5.174838205871034,6.807261051873568,Near Service,Left
15,63,1182,387,Player,red,Defense,11.77982570610652,18.087033141577574,10.588900227263618,23.129499959898933,True,True,10.589480540883123,23.12470059720562,Far Baseline,Right
15,69,286,122,Player,red,Defense,-8.76964548808024,-28.66930285775312,6.31258892491839,9.363980482884047,True,True,6.305016003982654,9.347534859793749,Near Service,Right
16,1,868,207,Player,red,Defense,9.947565640949492,7.827757940749143,10.207609908333984,20.109069689248955,True,True,10.194278989672577,20.167153694197957,Far Baseline,Right
16,2,138,360,Player,red,Defense,-4.719279516607473,9.34377884246948,7.15546345043627,20.55540096829725,True,True,7.157525748834179,20.59164994007282,Far Baseline,Right
16,3,660,512,Player,red,Defense,6.831368200576824,20.83199902425208,9.559134324282233,23.77,True,True,9.592969783795558,23.769185925912087,Far Baseline,Right
16,4,405,160,Player,red,Defense,-0.460274676657922,-9.394819982318008,8.04175538280344,15.03857546045008,True,True,8.04135676170775,15.037852957460668,Far Service,Right
16,5,1189,283,Player,red,Defense,12.507615802279908,14.464388544399636,10.74035215440039,22.06295820261775,True,True,10.742516646371842,22.04654180513495,Far Baseline,Right
16,6,970,164,Player,red,Defense,11.46598484214602,6.213970153729735,10.523590457439871,19.6339548895285,True,True,10.523423402591861,19.63365776394923,Far Baseline,Right
16,7,51,148,Player,red,Defense,-35.22926928928072,-58.46182553687397,0.8063845439080722,0.5927724221259008,True,True,0.7998540758411964,0.5361881005614062,Near Baseline,Left
16,8,557,65,Player,red,Defense,3.5178659065651248,-20.62864028800761,8.869599923307598,11.731229644869725,True,True,8.87418018306565,11.770393958386029,Near Service,Right
16,10,852,66,Player,red,Defense,10.776570698083448,-5.718857796962925,10.380124503090377,16.120814433580907,True,True,10.374573945014333,16.129830196097604,Far Service,Right
16,11,21,156,Player,red,Defense,-39.35628790527573,-60.80426086162618,0.0,0.0,True,True,-0.0014648491889613768,-0.008053011745021524,Near Baseline,Left
16,12,1269,147,Player,red,Defense,14.358547546266587,8.707189534656333,10.97,20.36798289268742,True,True,10.97,20.36798289268742,Far Baseline,Right
16,13,326,123,Player,red,Defense,-5.898038157522156,-24.032477670785127,6.910165707674571,10.72910685685045,True,True,6.907232607318604,10.717581816355212,Near Service,Right
16,15,175,123,Player,red,Defense,-19.93420594798744,-45.474488109992414,3.9892621770299153,4.416370710641527,True,True,3.983289831076299,4.4034631141449285,Near Baseline,Left
16,16,226,121,Player,red,Defense,-14.21142371983985,-37.31405322190017,5.180163786703012,6.818882006534208,True,True,5.1766990100918635,6.8113215144155586,Near Service,Left
16,63,1182,386,Player,red,Defense,11.785541005272162,18.05606867407664,10.590089571660238,23.120383719899166,True,True,10.589371584322018,23.12534057471335,Far Baseline,Right
16,69,287,122,Player,red,Defense,-8.693178407404863,-28.5519272245058,6.3285015991794165,9.398537009418035,True,True,6.308254537026196,9.354567772754486,Near Service,Right
17,1,868,207,Player,red,Defense,9.947565640949492,7.827757940749143,10.207609908333984,20.109069689248955,True,True,10.225716200681138,20.147642193310606,Far Baseline,Right
17,2,142,360,Player,red,Defense,-4.576110585211366,9.411512598223942,7.185256670596945,20.575342443910365,True,True,7.215143204981326,20.625553611774283,Far Baseline,Right
17,3,662,510,Player,red,Defense,6.852945291372889,20.77176204701016,9.563624481540831,23.77,True,True,9.577312747704136,23.76751840960454,Far Baseline,Right
17,4,405,160,Player,red,Defense,-0.460274676657922,-9.394819982318008,8.04175538280344,15.03857546045008,True,True,8.041127935259828,15.037438208230219,Far Service,Right
17,5,1189,282,Player,red,Defense,12.51505482790725,14.424508607485569,10.741900203450804,22.05121716182403,True,True,10.742368885182701,22.04766248677546,Far Baseline,Right
17,6,970,164,Player,red,Defense,11.46598484214602,6.213970153729735,10.523590457439871,19.6339548895285,True,True,10.523456150316408,19.63371600941018,Far Baseline,Right
17,7,51,147,Player,red,Defense,-35.58785966614408,-59.33988590502002,0.7317624737339845,0.3342629208706622,True,True,0.7992036615159477,0.5319689766224334,Near Baseline,Left
17,8,557,66,Player,red,Defense,3.530756294674595,-20.3782398326946,8.872282391963031,11.80494997113126,True,True,8.874048519654648,11.768898587125491,Near Service,Right
17,10,852,66,Player,red,Defense,10.776570698083448,-5.718857796962925,10.380124503090377,16.120814433580907,True,True,10.375216160845511,16.131064914933823,Far Service,Right
17,11,22,156,Player,red,Defense,-39.10428557899484,-60.4752523883876,0.0,0.0,True,True,-0.0019008162094855939,-0.010449741431039819,Near Baseline,Left
17,13,326,123,Player,red,Defense,-5.898038157522156,-24.032477670785127,6.910165707674571,10.72910685685045,True,True,6.906801993529697,10.715973000184949,Near Service,Right
17,15,175,123,Player,red,Defense,-19.93420594798744,-45.474488109992414,3.9892621770299153,4.416370710641527,True,True,3.986263532349968,4.40988995820923,Near Baseline,Left
17,16,226,121,Player,red,Defense,-14.21142371983985,-37.31405322190017,5.180163786703012,6.818882006534208,True,True,5.178410278241172,6.815055674163146,Near Service,Left
17,63,1182,387,Player,red,Defense,11.77982570610652,18.087033141577574,10.588900227263618,23.129499959898933,True,True,10.589267729153411,23.125973978205362,Far Baseline,Right
17,69,286,122,Player,red,Defense,-8.76964548808024,-28.66930285775312,6.31258892491839,9.363980482884047,True,True,6.311954685406073,9.362603145914992,Near Service,Right
18,1,868,207,Player,red,Defense,9.947565640949492,7.827757940749143,10.207609908333984,20.109069689248955,True,True,10.243913459504993,20.12496261749129,Far Baseline,Right
18,2,146,360,Player,red,Defense,-4.434304229461159,9.478601714355149,7.214766340997151,20.595094131356813,True,True,7.277345918283265,20.66214316991168,Far Baseline,Right
18,3,664,509,Player,red,Defense,6.874591053879582,20.743209984915325,9.56812892926995,23.77,True,True,9.565466171546591,23.7654347303387,Far Baseline,Right
18,4,405,160,Player,red,Defense,-0.460274676657922,-9.394819982318008,8.04175538280344,15.03857546045008,True,True,8.040825348032966,15.036889767170955,Far Service,Right
18,5,1189,281,Player,red,Defense,12.522513539690662,14.384523134886912,10.743452349158055,22.03944505029968,True,True,10.742224454960224,22.048757904994627,Far Baseline,Right
18,6,970,164,Player,red,Defense,11.46598484214602,6.213970153729735,10.523590457439871,19.6339548895285,True,True,10.523490115306185,19.633776419912376,Far Baseline,Right
18,7,52,147,Player,red,Defense,-35.35921004581373,-59.02837324911057,0.7793440852730785,0.4259752725895715,True,True,0.7995286925537245,0.5312297510582633,Near Baseline,Left
18,8,557,66,Player,red,Defense,3.530756294674595,-20.3782398326946,8.872282391963031,11.80494997113126,True,True,8.873995225065727,11.767655541667606,Near Service,Right
18,10,852,66,Player,red,Defense,10.776570698083448,-5.718857796962925,10.380124503090377,16.120814433580907,True,True,10.375797530945322,16.132381562632258,Far Service,Right
18,11,22,156,Player,red,Defense,-39.10428557899484,-60.4752523883876,0.0,0.0,True,True,-0.002208899570656043,-0.012143430409159424,Near Baseline,Left
18,13,326,123,Player,red,Defense,-5.898038157522156,-24.032477670785127,6.910165707674571,10.72910685685045,True,True,6.906441033487435,10.714636296835751,Near Service,Right
18,15,175,123,Player,red,Defense,-19.93420594798744,-45.474488109992414,3.9892621770299153,4.416370710641527,True,True,3.9893271918802626,4.4165112225042185,Near Baseline,Left
18,16,226,121,Player,red,Defense,-14.21142371983985,-37.31405322190017,5.180163786703012,6.818882006534208,True,True,5.179939446271124,6.818392473078649,Near Service,Left
18,63,1182,387,Player,red,Defense,11.77982570610652,18.087033141577574,10.588900227263618,23.129499959898933,True,True,10.589172255717866,23.12659084374245,Far Baseline,Right
18,69,286,122,Player,red,Defense,-8.76964548808024,-28.66930285775312,6.31258892491839,9.363980482884047,True,True,6.3161260541801205,9.371661837958758,Near Service,Right
19,1,868,207,Player,red,Defense,9.947565640949492,7.827757940749143,10.207609908333984,20.109069689248955,True,True,10.250681702188581,20.100106510299465,Far Baseline,Right
19,2,150,360,Player,red,Defense,-4.293841089507414,9.545055350080135,7.243996490389853,20.61465872719905,True,True,7.3436420126689255,20.701039534854043,Far Baseline,Right
19,3,666,508,Player,red,Defense,6.8962433674891805,20.7146492815219,9.572634740272855,23.77,True,True,9.557580706035422,23.76290222075767,Far Baseline,Right
19,4,405,160,Player,red,Defense,-0.460274676657922,-9.394819982318008,8.04175538280344,15.03857546045008,True,True,8.040442753827653,15.03619631301096,Far Service,Right
19,5,1189,282,Player,red,Defense,12.51505482790725,14.424508607485569,10.741900203450804,22.05121716182403,True,True,10.742088052245103,22.049792439295828,Far Baseline,Right
19,6,970,164,Player,red,Defense,11.46598484214602,6.213970153729735,10.523590457439871,19.6339548895285,True,True,10.523523869741977,19.63383645592095,Far Baseline,Right
19,7,52,147,Player,red,Defense,-35.35921004581373,-59.02837324911057,0.7793440852730785,0.4259752725895715,True,True,0.800881465005074,0.5343751458158287,Near Baseline,Left
19,8,557,66,Player,red,Defense,3.530756294674595,-20.3782398326946,8.872282391963031,11.80494997113126,True,True,8.874022761375702,11.766589513424982,Near Service,Right
19,10,851,66,Player,red,Defense,10.760194219787405,-5.751989897562768,10.376716584776167,16.11106002134193,True,True,10.376299406498276,16.133734308274278,Far Service,Right
19,11,22,156,Player,red,Defense,-39.10428557899484,-60.4752523883876,0.0,0.0,True,True,-0.002348409017223793,-0.01291038390868528,Near Baseline,Left
19,13,325,122,Player,red,Defense,-6.022274295339611,-24.45213606303293,6.884312370852025,10.605555349900406,True,True,6.906170563308944,10.713649981122908,Near Service,Right
19,15,175,123,Player,red,Defense,-19.93420594798744,-45.474488109992414,3.9892621770299153,4.416370710641527,True,True,3.992443852983847,4.423247035240813,Near Baseline,Left
19,16,226,121,Player,red,Defense,-14.21142371983985,-37.31405322190017,5.180163786703012,6.818882006534208,True,True,5.181253950133886,6.821260853124384,Near Service,Left
19,63,1182,387,Player,red,Defense,11.77982570610652,18.087033141577574,10.588900227263618,23.129499959898933,True,True,10.589088444355934,23.127181207385366,Far Baseline,Right
19,69,286,122,Player,red,Defense,-8.76964548808024,-28.66930285775312,6.31258892491839,9.363980482884047,True,True,6.320778248406172,9.381764707569276,Near Service,Right
20,1,867,207,Player,red,Defense,9.93500657606624,7.814865081428609,10.20499638749933,20.105273906232643,True,True,10.247831864776352,20.074065415294626,Far Baseline,Right
20,2,157,361,Player,red,Defense,-4.022323098667331,9.752299527773358,7.300498939627963,20.675673426138996,True,True,7.413539612067245,20.741863626970446,Far Baseline,Right
20,3,668,507,Player,red,Defense,6.917902235176178,20.686079932906363,9.577141915168534,23.77,True,True,9.553807001883126,23.759888213504567,Far Baseline,Right
20,4,405,160,Player,red,Defense,-0.460274676657922,-9.394819982318008,8.04175538280344,15.03857546045008,True,True,8.039973906444386,15.035346524478319,Far Service,Right
20,5,1189,282,Player,red,Defense,12.51505482790725,14.424508607485569,10.741900203450804,22.05121716182403,True,True,10.74196437357804,22.050730469182454,Far Baseline,Right
20,6,970,164,Player,red,Defense,11.46598484214602,6.213970153729735,10.523590457439871,19.6339548895285,True,True,10.523555985804567,19.63389357790103,Far Baseline,Right
20,7,52,147,Player,red,Defense,-35.35921004581373,-59.02837324911057,0.7793440852730785,0.4259752725895715,True,True,0.8033142749205432,0.5418098828420628,Near Baseline,Left
20,8,557,66,Player,red,Defense,3.530756294674595,-20.3782398326946,8.872282391963031,11.80494997113126,True,True,8.87413359066139,11.765625193810235,Near Service,Right
20,10,851,66,Player,red,Defense,10.760194219787405,-5.751989897562768,10.376716584776167,16.11106002134193,True,True,10.376703138688878,16.135077320941253,Far Service,Right
20,11,22,156,Player,red,Defense,-39.10428557899484,-60.4752523883876,0.0,0.0,True,True,-0.0022786542939399164,-0.012526907158922351,Near Baseline,Left
20,13,325,123,Player,red,Defense,-5.962232484033224,-24.130542572810818,6.896806973456467,10.700235597159239,True,True,6.906011419111353,10.713092327861709,Near Service,Right
20,15,175,123,Player,red,Defense,-19.93420594798744,-45.474488109992414,3.9892621770299153,4.416370710641527,True,True,3.995576558977388,4.430017524629934,Near Baseline,Left
20,16,226,121,Player,red,Defense,-14.21142371983985,-37.31405322190017,5.180163786703012,6.818882006534208,True,True,5.182321225781623,6.823589756262662,Near Service,Left
20,63,1182,387,Player,red,Defense,11.77982570610652,18.087033141577574,10.588900227263618,23.129499959898933,True,True,10.589019575408168,23.127735105194883,Far Baseline,Right
20,69,287,122,Player,red,Defense,-8.693178407404863,-28.5519272245058,6.3285015991794165,9.398537009418035,True,True,6.3259208731420635,9.392932613430043,Near Service,Right
20,156,36,151,Player,red,Defense,-37.63001818726303,-60.51454528846325,0.30679262986218386,0.0,True,True,0.3011321536485106,-0.037557658177933086,Near Baseline,Left
21,1,854,205,Player,red,Defense,9.780725031676951,7.506031055012877,10.17289065077352,20.014350169055046,True,True,10.23717488331274,20.047830876036258,Far Baseline,Right
21,2,202,362,Player,red,Defense,-2.534495753604131,10.52672035354214,7.610113373571737,20.903670439435306,True,True,7.486546840407165,20.784236366629948,Far Baseline,Right
21,3,680,495,Player,red,Defense,7.049363471845017,20.319937199621325,9.604498783229756,23.77,True,True,9.554295709802215,23.75636004122253,Far Baseline,Right
21,4,405,160,Player,red,Defense,-0.460274676657922,-9.394819982318008,8.04175538280344,15.03857546045008,True,True,8.039412559683663,15.034329080301127,Far Service,Right
21,5,1189,282,Player,red,Defense,12.51505482790725,14.424508607485569,10.741900203450804,22.05121716182403,True,True,10.741858115499742,22.051536374157926,Far Baseline,Right
21,6,970,164,Player,red,Defense,11.46598484214602,6.213970153729735,10.523590457439871,19.6339548895285,True,True,10.52358503567475,19.63394524631777,Far Baseline,Right
21,7,52,147,Player,red,Defense,-35.35921004581373,-59.02837324911057,0.7793440852730785,0.4259752725895715,True,True,0.80687941835068,0.5539386840838992,Near Baseline,Left
21,8,558,65,Player,red,Defense,3.554847749717573,-20.55343821523734,8.877295784303724,11.753369865554381,True,True,8.874330174999614,11.764687274235982,Near Service,Right
21,10,851,67,Player,red,Defense,10.750289955577484,-5.623418055621074,10.374655523613958,16.148912820467796,True,True,10.376990078701645,16.136364769714564,Far Service,Right
21,11,22,156,Player,red,Defense,-39.10428557899484,-60.4752523883876,0.0,0.0,True,True,-0.0019589451455554905,-0.010769305389175608,Near Baseline,Left
21,13,326,123,Player,red,Defense,-5.898038157522156,-24.032477670785127,6.910165707674571,10.72910685685045,True,True,6.905984437011797,10.71304161186745,Near Service,Right
21,15,175,123,Player,red,Defense,-19.93420594798744,-45.474488109992414,3.9892621770299153,4.416370710641527,True,True,3.9986883531775557,4.436742818882504,Near Baseline,Left
21,16,226,121,Player,red,Defense,-14.21142371983985,-37.31405322190017,5.180163786703012,6.818882006534208,True,True,5.183108709166504,6.825308124455809,Near Service,Left
21,63,1182,386,Player,red,Defense,11.785541005272162,18.05606867407664,10.590089571660238,23.120383719899166,True,True,10.588968929215131,23.128242573231795,Far Baseline,Right
21,156,37,151,Player,red,Defense,-37.38825944670501,-60.19135609489301,0.3571022278523014,0.08358182637767189,True,True,0.3788230122688114,0.18063300794936385,Near Baseline,Left
21,0,632,366,Ball,blue,Ball,6.435609867280095,14.922389979004056,9.476777663243048,22.197798273675456,True,True,9.527346554854311,21.991087253730655,Far Baseline,Right
22,1,851,206,Player,red,Defense,9.736589169098158,7.535901458980755,10.163706050050664,20.0231443061237,True,True,10.220521693842192,20.02239443608384,Far Baseline,Right
22,2,208,362,Player,red,Defense,-2.350887603905299,10.612598421560742,7.648321928835288,20.928953776820325,True,True,7.562171821617614,20.82777867420159,Far Baseline,Right
22,3,682,491,Player,red,Defense,7.072025647548041,20.19246100487176,9.609214744880486,23.749358373527425,True,True,9.559197480505176,23.752285036554646,Far Baseline,Right
22,4,405,160,Player,red,Defense,-0.460274676657922,-9.394819982318008,8.04175538280344,15.03857546045008,True,True,8.038752467345972,15.033132659207457,Far Service,Right
22,5,1189,282,Player,red,Defense,12.51505482790725,14.424508607485569,10.741900203450804,22.05121716182403,True,True,10.741773974550899,22.052174533725605,Far Baseline,Right
22,6,970,164,Player,red,Defense,11.46598484214602,6.213970153729735,10.523590457439871,19.6339548895285,True,True,10.523609591533297,19.633988921636284,Far Baseline,Right
22,7,52,148,Player,red,Defense,-35.00388017812736,-58.1562072520534,0.8532876488270603,0.6827494137423874,True,True,0.811629191346031,0.5711662714882707,Near Baseline,Left
22,8,558,65,Player,red,Defense,3.554847749717573,-20.55343821523734,8.877295784303724,11.753369865554381,True,True,8.87461497646718,11.763700446114825,Near Service,Right
22,10,851,67,Player,red,Defense,10.750289955577484,-5.623418055621074,10.374655523613958,16.148912820467796,True,True,10.377141577721076,16.137550823675575,Far Service,Right
22,11,22,156,Player,red,Defense,-39.10428557899484,-60.4752523883876,0.0,0.0,True,True,-0.001348591316821586,-0.007413883828749981,Near Baseline,Left
22,13,326,123,Player,red,Defense,-5.898038157522156,-24.032477670785127,6.910165707674571,10.72910685685045,True,True,6.906110453127399,10.713576107955408,Near Service,Right
22,15,175,123,Player,red,Defense,-19.93420594798744,-45.474488109992414,3.9892621770299153,4.416370710641527,True,True,4.001742278901013,4.44334304620944,Near Baseline,Left
22,16,226,121,Player,red,Defense,-14.21142371983985,-37.31405322190017,5.180163786703012,6.818882006534208,True,True,5.18358383624069,6.826344899666132,Near Service,Left
22,63,1182,387,Player,red,Defense,11.77982570610652,18.087033141577574,10.588900227263618,23.129499959898933,True,True,10.588939786117372,23.128693647556837,Far Baseline,Right
22,156,37,152,Player,red,Defense,-37.00737589332175,-59.289313991451664,0.4363634715514092,0.34915178344588765,True,True,0.41567135571895086,0.2895561440241644,Near Baseline,Left
22,0,632,365,Ball,blue,Ball,6.434863663059716,14.872261713083052,9.476622379366821,22.1830400252769,True,True,9.48634714995098,22.09643349881721,Far Baseline,Right
23,1,848,205,Player,red,Defense,9.70304605743634,7.425530751165185,10.156725783446243,19.990650097677833,True,True,10.19968323240915,19.998747638996857,Far Baseline,Right
23,2,218,359,Player,red,Defense,-2.1166045867434917,10.50121500317071,7.697075841029388,20.89616141654457,True,True,7.639922679627537,20.872111470054442,Far Baseline,Right
23,3,685,490,Player,red,Defense,7.10483834346554,20.16542989664394,9.616043013164688,23.74140015270361,True,True,9.568662964704524,23.747630532144058,Far Baseline,Right
23,4,404,160,Player,red,Defense,-0.4999537552211277,-9.445654355898425,8.033498231535505,15.023609327097947,True,True,8.037987383231815,15.031745939925404,Far Service,Right
23,5,1189,282,Player,red,Defense,12.51505482790725,14.424508607485569,10.741900203450804,22.05121716182403,True,True,10.741716647272217,22.05260932738891,Far Baseline,Right
23,6,970,164,Player,red,Defense,11.46598484214602,6.213970153729735,10.523590457439871,19.6339548895285,True,True,10.52362822556101,19.63402206432172,Far Baseline,Right
23,7,51,148,Player,red,Defense,-35.22926928928072,-58.46182553687397,0.8063845439080722,0.5927724221259008,True,True,0.8176158899571438,0.5938973670021107,Near Baseline,Left
23,8,558,65,Player,red,Defense,3.554847749717573,-20.55343821523734,8.877295784303724,11.753369865554381,True,True,8.874990457140914,11.762589400859387,Near Service,Right
23,10,851,67,Player,red,Defense,10.750289955577484,-5.623418055621074,10.374655523613958,16.148912820467796,True,True,10.37713898693169,16.13858965190567,Far Service,Right
23,11,22,156,Player,red,Defense,-39.10428557899484,-60.4752523883876,0.0,0.0,True,True,-0.00040690255248927287,-0.0022369477069504318,Near Baseline,Left
23,13,326,123,Player,red,Defense,-5.898038157522156,-24.032477670785127,6.910165707674571,10.72910685685045,True,True,6.906410303575294,10.714774090940887,Near Service,Right
23,15,175,123,Player,red,Defense,-19.93420594798744,-45.474488109992414,3.9892621770299153,4.416370710641527,True,True,4.004701379464428,4.4497383348216655,Near Baseline,Left
23,16,226,121,Player,red,Defense,-14.21142371983985,-37.31405322190017,5.180163786703012,6.818882006534208,True,True,5.183714042956351,6.826629023855952,Near Service,Left
23,63,1182,387,Player,red,Defense,11.77982570610652,18.087033141577574,10.588900227263618,23.129499959898933,True,True,10.58893542645545,23.12907836423081,Far Baseline,Right
23,156,37,152,Player,red,Defense,-37.00737589332175,-59.289313991451664,0.4363634715514092,0.34915178344588765,True,True,0.4227709620909789,0.3189682027630497,Near Baseline,Left
23,0,632,364,Ball,blue,Ball,6.434114937502147,14.821964069587224,9.476466570804453,22.168231910475097,True,True,9.454469021862897,22.171375006584547,Far Baseline,Right
24,1,846,205,Player,red,Defense,9.67697911716209,7.398517049800424,10.151301295864107,19.982697001603576,True,True,10.176470435058052,19.977882028334793,Far Baseline,Right
24,2,227,360,Player,red,Defense,-1.8275800725772,10.711852641353625,7.757221369101848,20.95817518321441,True,True,7.719307538365863,20.916855674557553,Far Baseline,Right
24,3,690,488,Player,red,Defense,7.159587886621289,20.109408818801256,9.62743630343395,23.724907003236595,True,True,9.582842813112752,23.742363860633873,Far Baseline,Right
24,4,404,160,Player,red,Defense,-0.4999537552211277,-9.445654355898425,8.033498231535505,15.023609327097947,True,True,8.037111061141683,15.030157601183049,Far Service,Right
24,5,1189,282,Player,red,Defense,12.51505482790725,14.424508607485569,10.741900203450804,22.05121716182403,True,True,10.74169083020439,22.052805134651223,Far Baseline,Right
24,6,970,164,Player,red,Defense,11.46598484214602,6.213970153729735,10.523590457439871,19.6339548895285,True,True,10.523639509938667,19.634042134839202,Far Baseline,Right
24,7,52,148,Player,red,Defense,-35.00388017812736,-58.1562072520534,0.8532876488270603,0.6827494137423874,True,True,0.8248918102345655,0.6225366925723523,Near Baseline,Left
24,8,558,65,Player,red,Defense,3.554847749717573,-20.55343821523734,8.877295784303724,11.753369865554381,True,True,8.875459079097627,11.761278829882276,Near Service,Right
24,10,851,67,Player,red,Defense,10.750289955577484,-5.623418055621074,10.374655523613958,16.148912820467796,True,True,10.376963657517994,16.13943542348621,Far Service,Right
24,11,22,156,Player,red,Defense,-39.10428557899484,-60.4752523883876,0.0,0.0,True,True,0.0009068114026903728,0.004985197746918059,Near Baseline,Left
24,13,326,123,Player,red,Defense,-5.898038157522156,-24.032477670785127,6.910165707674571,10.72910685685045,True,True,6.90690482447261,10.716713835639169,Near Service,Right
24,15,176,123,Player,red,Defense,-19.79972950012843,-45.26905843418167,4.0172465056019036,4.476851202602447,True,True,4.007528698184467,4.455848812930098,Near Baseline,Left
24,16,226,121,Player,red,Defense,-14.21142371983985,-37.31405322190017,5.180163786703012,6.818882006534208,True,True,5.183466765265651,6.8260894389875855,Near Service,Left
24,63,1182,387,Player,red,Defense,11.77982570610652,18.087033141577574,10.588900227263618,23.129499959898933,True,True,10.58895913056992,23.12938675931447,Far Baseline,Right
24,156,36,152,Player,red,Defense,-37.24558851694039,-59.6062588007662,0.3867918146890244,0.25584015300032725,True,True,0.4112156094769452,0.2986256368826006,Near Baseline,Left
24,0,633,364,Ball,blue,Ball,6.448172661218219,14.828464096373356,9.479391960087915,22.17014558149771,True,True,9.43352135736063,22.216324053505332,Far Baseline,Right
24,158,1214,128,Player,red,Defense,14.158646885627574,7.007053893041909,10.97,19.86744644585066,True,True,10.970000000000004,19.86714014917672,Far Baseline,Right
25,1,845,205,Player,red,Defense,9.663912784907648,7.384976143436249,10.14858221352024,19.978710427242937,True,True,10.152694237833346,19.960789147657135,Far Baseline,Right
25,2,240,359,Player,red,Defense,-1.4714547974012826,10.8081815725426,7.831330455651791,20.98653535622927,True,True,7.799834521761534,20.961632208079987,Far Baseline,Right
25,3,694,488,Player,red,Defense,7.202664383397651,20.11751783365163,9.636400451868207,23.727294375973923,True,True,9.601887676442367,23.73645235466722,Far Baseline,Right
25,4,404,160,Player,red,Defense,-0.4999537552211277,-9.445654355898425,8.033498231535505,15.023609327097947,True,True,8.036117254876075,15.02835632170849,Far Service,Right
25,5,1189,282,Player,red,Defense,12.51505482790725,14.424508607485569,10.741900203450804,22.05121716182403,True,True,10.741701219888132,22.05272633501595,Far Baseline,Right
25,6,970,164,Player,red,Defense,11.46598484214602,6.213970153729735,10.523590457439871,19.6339548895285,True,True,10.52364201684706,19.63404659365388,Far Baseline,Right
25,7,51,149,Player,red,Defense,-34.87668421683467,-57.5984700245961,0.879756920067601,0.846952670980715,True,True,0.833509248228844,0.657488970145929,Near Baseline,Left
25,8,558,65,Player,red,Defense,3.554847749717573,-20.55343821523734,8.877295784303724,11.753369865554381,True,True,8.876023304414147,11.759693424596112,Near Service,Right
25,10,851,67,Player,red,Defense,10.750289955577484,-5.623418055621074,10.374655523613958,16.148912820467796,True,True,10.376596940664497,16.140042307498575,Far Service,Right
25,11,22,156,Player,red,Defense,-39.10428557899484,-60.4752523883876,0.0,0.0,True,True,0.002633240803966279,0.014476247303550557,Near Baseline,Left
25,13,326,123,Player,red,Defense,-5.898038157522156,-24.032477670785127,6.910165707674571,10.72910685685045,True,True,6.90761485193648,10.71947361686555,Near Service,Right
25,15,176,123,Player,red,Defense,-19.79972950012843,-45.26905843418167,4.0172465056019036,4.476851202602447,True,True,4.010187278377801,4.461594608745662,Near Baseline,Left
25,16,226,121,Player,red,Defense,-14.21142371983985,-37.31405322190017,5.180163786703012,6.818882006534208,True,True,5.182809439120758,6.824655087023348,Near Service,Left
25,63,1182,387,Player,red,Defense,11.77982570610652,18.087033141577574,10.588900227263618,23.129499959898933,True,True,10.589014178801342,23.12960886886861,Far Baseline,Right
25,156,36,152,Player,red,Defense,-37.24558851694039,-59.6062588007662,0.3867918146890244,0.25584015300032725,True,True,0.3920990759688995,0.25828489909939817,Near Baseline,Left
25,0,633,364,Ball,blue,Ball,6.448172661218219,14.828464096373356,9.479391960087915,22.17014558149771,True,True,9.425313343214743,22.235628344707916,Far Baseline,Right
25,158,1214,128,Player,red,Defense,14.158646885627574,7.007053893041909,10.97,19.86744644585066,True,True,10.970000000000002,19.868476815151883,Far Baseline,Right
26,1,842,205,Player,red,Defense,9.624581675140744,7.34421651294608,10.14039747398896,19.96671039611568,True,True,10.130165576779472,19.948460540523357,Far Baseline,Right
26,2,256,358,Player,red,Defense,-1.0398960020197057,10.942294795379398,7.9211371342216434,21.026019591715805,True,True,7.881011753743481,21.006061990990787,Far Baseline,Right
26,3,697,488,Player,red,Defense,7.234837174024185,20.123574260160108,9.643095556909312,23.72907744676597,True,True,9.625948205405862,23.729863346887203,Far Baseline,Right
26,4,404,160,Player,red,Defense,-0.4999537552211277,-9.445654355898425,8.033498231535505,15.023609327097947,True,True,8.034999718235479,15.026330780229795,Far Service,Right
26,5,1189,282,Player,red,Defense,12.51505482790725,14.424508607485569,10.741900203450804,22.05121716182403,True,True,10.741752512864121,22.052337307986466,Far Baseline,Right
26,6,970,164,Player,red,Defense,11.46598484214602,6.213970153729735,10.523590457439871,19.6339548895285,True,True,10.523634318466964,19.63403290123087,Far Baseline,Right
26,7,51,149,Player,red,Defense,-34.87668421683467,-57.5984700245961,0.879756920067601,0.846952670980715,True,True,0.8435204999905257,0.6991589216697734,Near Baseline,Left
26,8,558,65,Player,red,Defense,3.554847749717573,-20.55343821523734,8.877295784303724,11.753369865554381,True,True,8.876685595167276,11.757757876413493,Near Service,Right
26,10,851,67,Player,red,Defense,10.750289955577484,-5.623418055621074,10.374655523613958,16.148912820467796,True,True,10.376020187555701,16.140364473024132,Far Service,Right
26,11,21,156,Player,red,Defense,-39.35628790527573,-60.80426086162618,0.0,0.0,True,True,0.004813075906587372,0.02645989573364208,Near Baseline,Left
26,13,326,123,Player,red,Defense,-5.898038157522156,-24.032477670785127,6.910165707674571,10.72910685685045,True,True,6.908561222084028,10.723131709435307,Near Service,Right
26,15,176,123,Player,red,Defense,-19.79972950012843,-45.26905843418167,4.0172465056019036,4.476851202602447,True,True,4.012640163361089,4.466895850479272,Near Baseline,Left
26,16,226,121,Player,red,Defense,-14.21142371983985,-37.31405322190017,5.180163786703012,6.818882006534208,True,True,5.181709500473835,6.8222549099255545,Near Service,Left
26,63,1182,387,Player,red,Defense,11.77982570610652,18.087033141577574,10.588900227263618,23.129499959898933,True,True,10.589103851490265,23.129734728953963,Far Baseline,Right
26,156,36,152,Player,red,Defense,-37.24558851694039,-59.6062588007662,0.3867918146890244,0.25584015300032725,True,True,0.3765151396588914,0.22770244213002344,Near Baseline,Left
26,0,633,365,Ball,blue,Ball,6.448897135608725,14.878713217656932,9.479542722022131,22.18493941088892,True,True,9.431654166195793,22.23363558532065,Far Baseline,Right
26,158,1214,128,Player,red,Defense,14.158646885627574,7.007053893041909,10.97,19.86744644585066,True,True,10.970000000000002,19.86638793538538,Far Baseline,Right
27,1,838,205,Player,red,Defense,9.571829846857735,7.2895487183875485,10.129419904913128,19.950615666392384,True,True,10.110695387940872,19.94188775049296,Far Baseline,Right
27,2,266,358,Player,red,Defense,-0.765190735953077,11.073746375597384,7.978302850214704,21.064720213762,True,True,7.962347358240644,21.049765943659025,Far Baseline,Right
27,3,700,487,Player,red,Defense,7.267417210058197,20.09670596250688,9.64987540905278,23.72116715895674,True,True,9.655175050715744,23.722564169936945,Far Baseline,Right
27,4,404,160,Player,red,Defense,-0.4999537552211277,-9.445654355898425,8.033498231535505,15.023609327097947,True,True,8.033752205020393,15.024069655475062,Far Service,Right
27,5,1189,282,Player,red,Defense,12.51505482790725,14.424508607485569,10.741900203450804,22.05121716182403,True,True,10.741849405673072,22.05160243306618,Far Baseline,Right
27,6,970,164,Player,red,Defense,11.46598484214602,6.213970153729735,10.523590457439871,19.6339548895285,True,True,10.523614986979176,19.63399851803532,Far Baseline,Right
27,7,51,149,Player,red,Defense,-34.87668421683467,-57.5984700245961,0.879756920067601,0.846952670980715,True,True,0.8549778615701582,0.7479512690908191,Near Baseline,Left
27,8,558,65,Player,red,Defense,3.554847749717573,-20.55343821523734,8.877295784303724,11.753369865554381,True,True,8.87744841343384,11.755396876747046,Near Service,Right
27,10,851,67,Player,red,Defense,10.750289955577484,-5.623418055621074,10.374655523613958,16.148912820467796,True,True,10.375214749376124,16.14035608914426,Far Service,Right
27,11,21,156,Player,red,Defense,-39.35628790527573,-60.80426086162618,0.0,0.0,True,True,0.00748700696580258,0.04115983780788769,Near Baseline,Left
27,13,326,123,Player,red,Defense,-5.898038157522156,-24.032477670785127,6.910165707674571,10.72910685685045,True,True,6.909764771032387,10.727766388163744,Near Service,Right
27,14,1134,116,Player,red,Defense,13.620256547400023,5.176607658744094,10.97,19.328545294780653,True,True,10.97,19.319286582028507,Far Baseline,Right
27,15,176,123,Player,red,Defense,-19.79972950012843,-45.26905843418167,4.0172465056019036,4.476851202602447,True,True,4.0148503964510045,4.471672666341853,Near Baseline,Left
27,16,226,121,Player,red,Defense,-14.21142371983985,-37.31405322190017,5.180163786703012,6.818882006534208,True,True,5.180134385277051,6.818817849656522,Near Service,Left
27,63,1182,387,Player,red,Defense,11.77982570610652,18.087033141577574,10.588900227263618,23.129499959898933,True,True,10.589231428977246,23.129754375631325,Far Baseline,Right
27,156,36,152,Player,red,Defense,-37.24558851694039,-59.6062588007662,0.3867918146890244,0.25584015300032725,True,True,0.3755575786389708,0.2366347186910575,Near Baseline,Left
27,0,633,365,Ball,blue,Ball,6.448897135608725,14.878713217656932,9.479542722022131,22.18493941088892,True,True,9.45435301307434,22.21469348047188,Far Baseline,Right
27,158,1213,128,Player,red,Defense,14.150652393844297,6.995130607676236,10.97,19.86393611482443,True,True,10.970000000000002,19.863992397152593,Far Baseline,Right
28,1,836,205,Player,red,Defense,9.545319912434444,7.262075933159371,10.123903230974053,19.94252741156951,True,True,10.096094607361985,19.942062321125402,Far Baseline,Right
28,2,273,357,Player,red,Defense,-0.5937976463943806,11.085511937441344,8.013969471467277,21.06818410945142,True,True,8.04334945918196,21.092364986453745,Far Baseline,Right
28,3,705,486,Player,red,Defense,7.32125697714154,20.07394728123091,9.661079376411282,23.71446678212696,True,True,9.689718863084515,23.714522156459562,Far Baseline,Right
28,4,404,160,Player,red,Defense,-0.4999537552211277,-9.445654355898425,8.033498231535505,15.023609327097947,True,True,8.032368469031315,15.021561626172375,Far Service,Right
28,5,1189,282,Player,red,Defense,12.51505482790725,14.424508607485569,10.741900203450804,22.05121716182403,True,True,10.741996594855683,22.05048608975848,Far Baseline,Right
28,6,970,164,Player,red,Defense,11.46598484214602,6.213970153729735,10.523590457439871,19.6339548895285,True,True,10.523582594564477,19.633940904532356,Far Baseline,Right
28,7,51,149,Player,red,Defense,-34.87668421683467,-57.5984700245961,0.879756920067601,0.846952670980715,True,True,0.867933629018289,0.8042707343559993,Near Baseline,Left
28,8,558,65,Player,red,Defense,3.554847749717573,-20.55343821523734,8.877295784303724,11.753369865554381,True,True,8.878314221290653,11.752535117009378,Near Service,Right
28,10,851,67,Player,red,Defense,10.750289955577484,-5.623418055621074,10.374655523613958,16.148912820467796,True,True,10.374161977310274,16.139971324940326,Far Service,Right
28,11,21,156,Player,red,Defense,-39.35628790527573,-60.80426086162618,0.0,0.0,True,True,0.010695724236860828,0.058799768296982406,Near Baseline,Left
28,13,326,123,Player,red,Defense,-5.898038157522156,-24.032477670785127,6.910165707674571,10.72910685685045,True,True,6.911246334898689,10.733455927866146,Near Service,Right
28,14,1134,116,Player,red,Defense,13.620256547400023,5.176607658744094,10.97,19.328545294780653,True,True,10.97,19.327069176300494,Far Baseline,Right
28,15,176,123,Player,red,Defense,-19.79972950012843,-45.26905843418167,4.0172465056019036,4.476851202602447,True,True,4.016781020964212,4.4758451845443235,Near Baseline,Left
28,16,226,121,Player,red,Defense,-14.21142371983985,-37.31405322190017,5.180163786703012,6.818882006534208,True,True,5.178051529482571,6.814272848178568,Near Service,Left
28,63,1182,387,Player,red,Defense,11.77982570610652,18.087033141577574,10.588900227263618,23.129499959898933,True,True,10.589400191602845,23.12965784496147,Far Baseline,Right
28,156,36,152,Player,red,Defense,-37.24558851694039,-59.6062588007662,0.3867918146890244,0.25584015300032725,True,True,0.40032017100118744,0.31483818149908127,Near Baseline,Left
28,0,633,365,Ball,blue,Ball,6.448897135608725,14.878713217656932,9.479542722022131,22.18493941088892,True,True,9.49521907062095,22.183149735289966,Far Baseline,Right
28,158,1213,128,Player,red,Defense,14.150652393844297,6.995130607676236,10.97,19.86393611482443,True,True,10.969999999999999,19.864409087728912,Far Baseline,Right
29,1,833,205,Player,red,Defense,9.505386205360034,7.220691818800488,10.115593091929933,19.930343526325505,True,True,10.088174171087259,19.949975795980187,Far Baseline,Right
29,2,280,356,Player,red,Defense,-0.4240885997255355,11.097161895378402,8.049285646152372,21.071613970227748,True,True,8.123526180496363,21.133480039744015,Far Baseline,Right
29,3,708,486,Player,red,Defense,7.353095135265423,20.08005790382212,9.667704844976601,23.716265808772185,True,True,9.729730293224673,23.70570463909818,Far Baseline,Right
29,4,404,160,Player,red,Defense,-0.4999537552211277,-9.445654355898425,8.033498231535505,15.023609327097947,True,True,8.030842264068736,15.01879537104982,Far Service,Right
29,5,1189,282,Player,red,Defense,12.51505482790725,14.424508607485569,10.741900203450804,22.05121716182403,True,True,10.742198776952652,22.048952657566765,Far Baseline,Right
29,6,970,164,Player,red,Defense,11.46598484214602,6.213970153729735,10.523590457439871,19.6339548895285,True,True,10.523535713403657,19.633857521187117,Far Baseline,Right
29,7,51,148,Player,red,Defense,-35.22926928928072,-58.46182553687397,0.8063845439080722,0.5927724221259008,True,True,0.8824400983854651,0.8685220394122471,Near Baseline,Left
29,8,558,65,Player,red,Defense,3.554847749717573,-20.55343821523734,8.877295784303724,11.753369865554381,True,True,8.879285480814534,11.749097288613102,Near Service,Right
29,10,851,66,Player,red,Defense,10.760194219787405,-5.751989897562768,10.376716584776167,16.11106002134193,True,True,10.37284322254266,16.139164349493708,Far Service,Right
29,11,21,157,Player,red,Defense,-38.95118264487019,-59.88032294980125,0.03186046985990989,0.1751530054542177,True,True,0.014479917975011046,0.0796033819716213,Near Baseline,Left
29,13,326,123,Player,red,Defense,-5.898038157522156,-24.032477670785127,6.910165707674571,10.72910685685045,True,True,6.91302674980006,10.7402786033578,Near Service,Right
29,14,1134,116,Player,red,Defense,13.620256547400023,5.176607658744094,10.97,19.328545294780653,True,True,10.97,19.336325367375736,Far Baseline,Right
29,15,176,123,Player,red,Defense,-19.79972950012843,-45.26905843418167,4.0172465056019036,4.476851202602447,True,True,4.018395080217377,4.479333533297605,Near Baseline,Left
29,16,226,121,Player,red,Defense,-14.21142371983985,-37.31405322190017,5.180163786703012,6.818882006534208,True,True,5.175428369042558,6.808548847454008,Near Service,Left
29,63,1183,387,Player,red,Defense,11.786760906670878,18.08983060743845,10.590343431143522,23.13032356102103,True,True,10.589613419707616,23.12943517300516,Far Baseline,Right
29,156,36,153,Player,red,Defense,-36.86774285070688,-58.713528245430105,0.46542087904731255,0.5186686998603982,True,True,0.46189669483759105,0.49206928327067584,Near Baseline,Left
29,0,634,365,Ball,blue,Ball,6.46290966049362,14.885155092116078,9.482458705502847,22.186835961301618,True,True,9.556061525606186,22.14335205490326,Far Baseline,Right
29,158,1215,128,Player,red,Defense,14.166629842076906,7.018959974177197,10.97,19.87095171178435,True,True,10.97,19.87075689438974,Far Baseline,Right
