frame,ID,X,Y,Class,Color,Position,X_court,Y_court,is_outlier,X_court_clamped,Y_court_clamped,court_zone,court_side,dist_to_near_baseline,dist_to_far_baseline,dist_to_net,dist_to_left_sideline,dist_to_right_sideline,dist_to_center
1,0,656,351,Ball,blue,Ball,6.7633176,14.321107,False,6.7633176,14.321107,Far Court,Right,14.321107,9.448894,2.4361067,6.7633176,4.2066827,1.2783175
2,0,640,384,Ball,blue,Ball,6.5567813,15.841115,False,6.5567813,15.841115,Far Court,Right,15.841115,7.9288855,3.9561148,6.5567813,4.413219,1.0717812
3,1,650,210,Player,red,Defense,6.6169496,4.677527,False,6.6169496,4.677527,Near Service Box,Right,4.677527,19.092474,7.2074733,6.6169496,4.3530507,1.1319494
3,2,112,363,Player,red,Defense,-5.5799356,9.184729,True,-2.0,9.184729,Near Court,Left,9.184729,14.585272,2.7002716,5.5799356,16.549936,11.064936
3,3,888,646,Player,red,Defense,8.719935,24.337692,False,8.719935,24.337692,Out of Bounds,Right,24.337692,0.5676918,12.452692,8.719935,2.2500648,3.2349353
3,4,405,160,Player,red,Defense,-0.46027467,-9.39482,True,-0.46027467,-2.0,Near Service Box,Left,9.39482,33.16482,21.27982,0.46027467,11.430275,5.945275
3,5,1189,282,Player,red,Defense,12.515055,14.424509,False,12.515055,14.424509,Far Court,Right,14.424509,9.345491,2.5395088,12.515055,1.5450544,7.0300546
3,6,970,164,Player,red,Defense,11.465985,6.21397,False,11.465985,6.21397,Near Service Box,Right,6.21397,17.55603,5.67103,11.465985,0.49598503,5.980985
3,7,52,148,Player,red,Defense,-35.00388,-58.156208,True,-2.0,-2.0,Near Service Box,Left,58.156208,81.92621,70.04121,35.00388,45.97388,40.48888
3,8,558,66,Player,red,Defense,3.5675747,-20.303751,True,3.5675747,-2.0,Near Service Box,Left,20.303751,44.073753,32.18875,3.5675747,7.402426,1.9174254
3,10,850,67,Player,red,Defense,10.733907,-5.656395,True,10.733907,-2.0,Near Service Box,Right,5.656395,29.426395,17.541395,10.733907,0.23609352,5.2489066
3,11,22,156,Player,red,Defense,-39.104286,-60.475254,True,-2.0,-2.0,Near Service Box,Left,60.475254,84.245255,72.36025,39.104286,50.074287,44.589287
3,13,326,123,Player,red,Defense,-5.8980384,-24.032478,True,-2.0,-2.0,Near Service Box,Left,24.032478,47.80248,35.91748,5.8980384,16.868038,11.3830385
3,14,1133,116,Player,red,Defense,13.61117,5.162251,True,12.97,5.162251,Near Service Box,Right,5.162251,18.60775,6.722749,13.61117,2.6411695,8.126169
3,15,175,123,Player,red,Defense,-19.934206,-45.474487,True,-2.0,-2.0,Near Service Box,Left,45.474487,69.24449,57.35949,19.934206,30.904205,25.419207
3,16,225,121,Player,red,Defense,-14.315121,-37.47399,True,-2.0,-2.0,Near Service Box,Left,37.47399,61.24399,49.358994,14.315121,25.285122,19.800121
3,63,1182,386,Player,red,Defense,11.785541,18.056068,False,11.785541,18.056068,Far Service Box,Right,18.056068,5.713932,6.171068,11.785541,0.8155403,6.3005404
3,69,285,122,Player,red,Defense,-8.846458,-28.787209,True,-2.0,-2.0,Near Service Box,Left,28.787209,52.55721,40.67221,8.846458,19.81646,14.331459
4,1,645,210,Player,red,Defense,6.5240192,4.58347,False,6.5240192,4.58347,Near Service Box,Right,4.58347,19.186531,7.3015304,6.5240192,4.445981,1.0390191
4,2,112,363,Player,red,Defense,-5.5799356,9.184729,True,-2.0,9.184729,Near Court,Left,9.184729,14.585272,2.7002716,5.5799356,16.549936,11.064936
4,3,894,646,Player,red,Defense,8.764263,24.33547,False,8.764263,24.33547,Out of Bounds,Right,24.33547,0.56546974,12.45047,8.764263,2.205737,3.279263
4,4,405,160,Player,red,Defense,-0.46027467,-9.39482,True,-0.46027467,-2.0,Near Service Box,Left,9.39482,33.16482,21.27982,0.46027467,11.430275,5.945275
4,5,1189,281,Player,red,Defense,12.522513,14.384523,False,12.522513,14.384523,Far Court,Right,14.384523,9.385477,2.4995232,12.522513,1.5525131,7.0375133
4,6,970,164,Player,red,Defense,11.465985,6.21397,False,11.465985,6.21397,Near Service Box,Right,6.21397,17.55603,5.67103,11.465985,0.49598503,5.980985
4,7,52,148,Player,red,Defense,-35.00388,-58.156208,True,-2.0,-2.0,Near Service Box,Left,58.156208,81.92621,70.04121,35.00388,45.97388,40.48888
4,8,558,66,Player,red,Defense,3.5675747,-20.303751,True,3.5675747,-2.0,Near Service Box,Left,20.303751,44.073753,32.18875,3.5675747,7.402426,1.9174254
4,10,850,67,Player,red,Defense,10.733907,-5.656395,True,10.733907,-2.0,Near Service Box,Right,5.656395,29.426395,17.541395,10.733907,0.23609352,5.2489066
4,11,22,156,Player,red,Defense,-39.104286,-60.475254,True,-2.0,-2.0,Near Service Box,Left,60.475254,84.245255,72.36025,39.104286,50.074287,44.589287
4,13,326,123,Player,red,Defense,-5.8980384,-24.032478,True,-2.0,-2.0,Near Service Box,Left,24.032478,47.80248,35.91748,5.8980384,16.868038,11.3830385
4,14,1133,116,Player,red,Defense,13.61117,5.162251,True,12.97,5.162251,Near Service Box,Right,5.162251,18.60775,6.722749,13.61117,2.6411695,8.126169
4,15,174,123,Player,red,Defense,-20.069489,-45.68115,True,-2.0,-2.0,Near Service Box,Left,45.68115,69.45115,57.566147,20.069489,31.03949,25.55449
4,16,225,121,Player,red,Defense,-14.315121,-37.47399,True,-2.0,-2.0,Near Service Box,Left,37.47399,61.24399,49.358994,14.315121,25.285122,19.800121
4,63,1182,386,Player,red,Defense,11.785541,18.056068,False,11.785541,18.056068,Far Service Box,Right,18.056068,5.713932,6.171068,11.785541,0.8155403,6.3005404
4,69,285,122,Player,red,Defense,-8.846458,-28.787209,True,-2.0,-2.0,Near Service Box,Left,28.787209,52.55721,40.67221,8.846458,19.81646,14.331459
5,1,640,209,Player,red,Defense,6.429139,4.3973002,False,6.429139,4.3973002,Near Service Box,Right,4.3973002,19.3727,7.4877,6.429139,4.540861,0.944139
5,2,112,363,Player,red,Defense,-5.5799356,9.184729,True,-2.0,9.184729,Near Court,Left,9.184729,14.585272,2.7002716,5.5799356,16.549936,11.064936
5,3,902,646,Player,red,Defense,8.822996,24.332523,False,8.822996,24.332523,Out of Bounds,Right,24.332523,0.5625229,12.447523,8.822996,2.1470041,3.337996
5,4,405,160,Player,red,Defense,-0.46027467,-9.39482,True,-0.46027467,-2.0,Near Service Box,Left,9.39482,33.16482,21.27982,0.46027467,11.430275,5.945275
5,5,1189,281,Player,red,Defense,12.522513,14.384523,False,12.522513,14.384523,Far Court,Right,14.384523,9.385477,2.4995232,12.522513,1.5525131,7.0375133
5,6,970,164,Player,red,Defense,11.465985,6.21397,False,11.465985,6.21397,Near Service Box,Right,6.21397,17.55603,5.67103,11.465985,0.49598503,5.980985
5,7,52,148,Player,red,Defense,-35.00388,-58.156208,True,-2.0,-2.0,Near Service Box,Left,58.156208,81.92621,70.04121,35.00388,45.97388,40.48888
5,8,558,66,Player,red,Defense,3.5675747,-20.303751,True,3.5675747,-2.0,Near Service Box,Left,20.303751,44.073753,32.18875,3.5675747,7.402426,1.9174254
5,10,849,67,Player,red,Defense,10.717487,-5.689447,True,10.717487,-2.0,Near Service Box,Right,5.689447,29.459448,17.574448,10.717487,0.25251293,5.232487
5,11,22,156,Player,red,Defense,-39.104286,-60.475254,True,-2.0,-2.0,Near Service Box,Left,60.475254,84.245255,72.36025,39.104286,50.074287,44.589287
5,13,326,123,Player,red,Defense,-5.8980384,-24.032478,True,-2.0,-2.0,Near Service Box,Left,24.032478,47.80248,35.91748,5.8980384,16.868038,11.3830385
5,14,1133,116,Player,red,Defense,13.61117,5.162251,True,12.97,5.162251,Near Service Box,Right,5.162251,18.60775,6.722749,13.61117,2.6411695,8.126169
5,15,174,123,Player,red,Defense,-20.069489,-45.68115,True,-2.0,-2.0,Near Service Box,Left,45.68115,69.45115,57.566147,20.069489,31.03949,25.55449
5,16,225,121,Player,red,Defense,-14.315121,-37.47399,True,-2.0,-2.0,Near Service Box,Left,37.47399,61.24399,49.358994,14.315121,25.285122,19.800121
5,63,1182,386,Player,red,Defense,11.785541,18.056068,False,11.785541,18.056068,Far Service Box,Right,18.056068,5.713932,6.171068,11.785541,0.8155403,6.3005404
5,69,285,122,Player,red,Defense,-8.846458,-28.787209,True,-2.0,-2.0,Near Service Box,Left,28.787209,52.55721,40.67221,8.846458,19.81646,14.331459
6,1,636,210,Player,red,Defense,6.3543844,4.4117775,False,6.3543844,4.4117775,Near Service Box,Right,4.4117775,19.358223,7.4732227,6.3543844,4.615616,0.8693843
6,2,112,363,Player,red,Defense,-5.5799356,9.184729,True,-2.0,9.184729,Near Court,Left,9.184729,14.585272,2.7002716,5.5799356,16.549936,11.064936
6,3,908,645,Player,red,Defense,8.868771,24.309917,False,8.868771,24.309917,Out of Bounds,Right,24.309917,0.539917,12.424917,8.868771,2.1012297,3.3837705
6,4,405,160,Player,red,Defense,-0.46027467,-9.39482,True,-0.46027467,-2.0,Near Service Box,Left,9.39482,33.16482,21.27982,0.46027467,11.430275,5.945275
6,5,1189,281,Player,red,Defense,12.522513,14.384523,False,12.522513,14.384523,Far Court,Right,14.384523,9.385477,2.4995232,12.522513,1.5525131,7.0375133
6,6,970,164,Player,red,Defense,11.465985,6.21397,False,11.465985,6.21397,Near Service Box,Right,6.21397,17.55603,5.67103,11.465985,0.49598503,5.980985
6,7,52,148,Player,red,Defense,-35.00388,-58.156208,True,-2.0,-2.0,Near Service Box,Left,58.156208,81.92621,70.04121,35.00388,45.97388,40.48888
6,8,558,66,Player,red,Defense,3.5675747,-20.303751,True,3.5675747,-2.0,Near Service Box,Left,20.303751,44.073753,32.18875,3.5675747,7.402426,1.9174254
6,10,849,67,Player,red,Defense,10.717487,-5.689447,True,10.717487,-2.0,Near Service Box,Right,5.689447,29.459448,17.574448,10.717487,0.25251293,5.232487
6,11,22,156,Player,red,Defense,-39.104286,-60.475254,True,-2.0,-2.0,Near Service Box,Left,60.475254,84.245255,72.36025,39.104286,50.074287,44.589287
6,13,326,123,Player,red,Defense,-5.8980384,-24.032478,True,-2.0,-2.0,Near Service Box,Left,24.032478,47.80248,35.91748,5.8980384,16.868038,11.3830385
6,14,1133,116,Player,red,Defense,13.61117,5.162251,True,12.97,5.162251,Near Service Box,Right,5.162251,18.60775,6.722749,13.61117,2.6411695,8.126169
6,15,174,123,Player,red,Defense,-20.069489,-45.68115,True,-2.0,-2.0,Near Service Box,Left,45.68115,69.45115,57.566147,20.069489,31.03949,25.55449
6,16,225,121,Player,red,Defense,-14.315121,-37.47399,True,-2.0,-2.0,Near Service Box,Left,37.47399,61.24399,49.358994,14.315121,25.285122,19.800121
6,63,1182,386,Player,red,Defense,11.785541,18.056068,False,11.785541,18.056068,Far Service Box,Right,18.056068,5.713932,6.171068,11.785541,0.8155403,6.3005404
6,69,285,122,Player,red,Defense,-8.846458,-28.787209,True,-2.0,-2.0,Near Service Box,Left,28.787209,52.55721,40.67221,8.846458,19.81646,14.331459
7,1,634,210,Player,red,Defense,6.316269,4.3732,False,6.316269,4.3732,Near Service Box,Right,4.3732,19.396801,7.5118003,6.316269,4.6537313,0.8312688
7,2,112,363,Player,red,Defense,-5.5799356,9.184729,True,-2.0,9.184729,Near Court,Left,9.184729,14.585272,2.7002716,5.5799356,16.549936,11.064936
7,3,910,645,Player,red,Defense,8.883324,24.309206,False,8.883324,24.309206,Out of Bounds,Right,24.309206,0.53920555,12.424206,8.883324,2.0866766,3.3983235
7,4,404,160,Player,red,Defense,-0.49995375,-9.445654,True,-0.49995375,-2.0,Near Service Box,Left,9.445654,33.215652,21.330654,0.49995375,11.469954,5.984954
7,5,1189,282,Player,red,Defense,12.515055,14.424509,False,12.515055,14.424509,Far Court,Right,14.424509,9.345491,2.5395088,12.515055,1.5450544,7.0300546
7,6,970,164,Player,red,Defense,11.465985,6.21397,False,11.465985,6.21397,Near Service Box,Right,6.21397,17.55603,5.67103,11.465985,0.49598503,5.980985
7,7,52,148,Player,red,Defense,-35.00388,-58.156208,True,-2.0,-2.0,Near Service Box,Left,58.156208,81.92621,70.04121,35.00388,45.97388,40.48888
7,8,558,66,Player,red,Defense,3.5675747,-20.303751,True,3.5675747,-2.0,Near Service Box,Left,20.303751,44.073753,32.18875,3.5675747,7.402426,1.9174254
7,10,849,67,Player,red,Defense,10.717487,-5.689447,True,10.717487,-2.0,Near Service Box,Right,5.689447,29.459448,17.574448,10.717487,0.25251293,5.232487
7,11,22,156,Player,red,Defense,-39.104286,-60.475254,True,-2.0,-2.0,Near Service Box,Left,60.475254,84.245255,72.36025,39.104286,50.074287,44.589287
7,13,326,123,Player,red,Defense,-5.8980384,-24.032478,True,-2.0,-2.0,Near Service Box,Left,24.032478,47.80248,35.91748,5.8980384,16.868038,11.3830385
7,14,1133,116,Player,red,Defense,13.61117,5.162251,True,12.97,5.162251,Near Service Box,Right,5.162251,18.60775,6.722749,13.61117,2.6411695,8.126169
7,15,174,123,Player,red,Defense,-20.069489,-45.68115,True,-2.0,-2.0,Near Service Box,Left,45.68115,69.45115,57.566147,20.069489,31.03949,25.55449
7,16,224,121,Player,red,Defense,-14.419364,-37.634777,True,-2.0,-2.0,Near Service Box,Left,37.634777,61.404778,49.519775,14.419364,25.389364,19.904364
7,63,1182,386,Player,red,Defense,11.785541,18.056068,False,11.785541,18.056068,Far Service Box,Right,18.056068,5.713932,6.171068,11.785541,0.8155403,6.3005404
7,69,285,122,Player,red,Defense,-8.846458,-28.787209,True,-2.0,-2.0,Near Service Box,Left,28.787209,52.55721,40.67221,8.846458,19.81646,14.331459
7,0,938,523,Ball,blue,Ball,9.388005,21.49962,False,9.388005,21.49962,Far Service Box,Right,21.49962,2.27038,9.61462,9.388005,1.581995,3.9030051
8,1,634,211,Player,red,Defense,6.3175464,4.4647665,False,6.3175464,4.4647665,Near Service Box,Right,4.4647665,19.305233,7.4202337,6.3175464,4.652454,0.83254623
8,2,112,363,Player,red,Defense,-5.5799356,9.184729,True,-2.0,9.184729,Near Court,Left,9.184729,14.585272,2.7002716,5.5799356,16.549936,11.064936
8,3,910,645,Player,red,Defense,8.883324,24.309206,False,8.883324,24.309206,Out of Bounds,Right,24.309206,0.53920555,12.424206,8.883324,2.0866766,3.3983235
8,4,405,160,Player,red,Defense,-0.46027467,-9.39482,True,-0.46027467,-2.0,Near Service Box,Left,9.39482,33.16482,21.27982,0.46027467,11.430275,5.945275
8,5,1189,281,Player,red,Defense,12.522513,14.384523,False,12.522513,14.384523,Far Court,Right,14.384523,9.385477,2.4995232,12.522513,1.5525131,7.0375133
8,6,970,164,Player,red,Defense,11.465985,6.21397,False,11.465985,6.21397,Near Service Box,Right,6.21397,17.55603,5.67103,11.465985,0.49598503,5.980985
8,7,52,148,Player,red,Defense,-35.00388,-58.156208,True,-2.0,-2.0,Near Service Box,Left,58.156208,81.92621,70.04121,35.00388,45.97388,40.48888
8,8,558,66,Player,red,Defense,3.5675747,-20.303751,True,3.5675747,-2.0,Near Service Box,Left,20.303751,44.073753,32.18875,3.5675747,7.402426,1.9174254
8,10,849,67,Player,red,Defense,10.717487,-5.689447,True,10.717487,-2.0,Near Service Box,Right,5.689447,29.459448,17.574448,10.717487,0.25251293,5.232487
8,11,22,156,Player,red,Defense,-39.104286,-60.475254,True,-2.0,-2.0,Near Service Box,Left,60.475254,84.245255,72.36025,39.104286,50.074287,44.589287
8,13,326,123,Player,red,Defense,-5.8980384,-24.032478,True,-2.0,-2.0,Near Service Box,Left,24.032478,47.80248,35.91748,5.8980384,16.868038,11.3830385
8,14,1133,116,Player,red,Defense,13.61117,5.162251,True,12.97,5.162251,Near Service Box,Right,5.162251,18.60775,6.722749,13.61117,2.6411695,8.126169
8,15,174,123,Player,red,Defense,-20.069489,-45.68115,True,-2.0,-2.0,Near Service Box,Left,45.68115,69.45115,57.566147,20.069489,31.03949,25.55449
8,16,225,121,Player,red,Defense,-14.315121,-37.47399,True,-2.0,-2.0,Near Service Box,Left,37.47399,61.24399,49.358994,14.315121,25.285122,19.800121
8,63,1182,386,Player,red,Defense,11.785541,18.056068,False,11.785541,18.056068,Far Service Box,Right,18.056068,5.713932,6.171068,11.785541,0.8155403,6.3005404
8,69,285,122,Player,red,Defense,-8.846458,-28.787209,True,-2.0,-2.0,Near Service Box,Left,28.787209,52.55721,40.67221,8.846458,19.81646,14.331459
8,0,949,526,Ball,blue,Ball,9.465899,21.58821,False,9.465899,21.58821,Far Service Box,Right,21.58821,2.1817913,9.703209,9.465899,1.5041008,3.9808993
9,1,633,211,Player,red,Defense,6.2984753,4.4455557,False,6.2984753,4.4455557,Near Service Box,Right,4.4455557,19.324444,7.4394445,6.2984753,4.671525,0.81347513
9,2,112,363,Player,red,Defense,-5.5799356,9.184729,True,-2.0,9.184729,Near Court,Left,9.184729,14.585272,2.7002716,5.5799356,16.549936,11.064936
9,3,914,645,Player,red,Defense,8.912352,24.307785,False,8.912352,24.307785,Out of Bounds,Right,24.307785,0.5377846,12.422785,8.912352,2.0576487,3.4273515
9,4,405,160,Player,red,Defense,-0.46027467,-9.39482,True,-0.46027467,-2.0,Near Service Box,Left,9.39482,33.16482,21.27982,0.46027467,11.430275,5.945275
9,5,1189,281,Player,red,Defense,12.522513,14.384523,False,12.522513,14.384523,Far Court,Right,14.384523,9.385477,2.4995232,12.522513,1.5525131,7.0375133
9,6,970,164,Player,red,Defense,11.465985,6.21397,False,11.465985,6.21397,Near Service Box,Right,6.21397,17.55603,5.67103,11.465985,0.49598503,5.980985
9,7,52,148,Player,red,Defense,-35.00388,-58.156208,True,-2.0,-2.0,Near Service Box,Left,58.156208,81.92621,70.04121,35.00388,45.97388,40.48888
9,8,558,66,Player,red,Defense,3.5675747,-20.303751,True,3.5675747,-2.0,Near Service Box,Left,20.303751,44.073753,32.18875,3.5675747,7.402426,1.9174254
9,10,849,67,Player,red,Defense,10.717487,-5.689447,True,10.717487,-2.0,Near Service Box,Right,5.689447,29.459448,17.574448,10.717487,0.25251293,5.232487
9,11,22,156,Player,red,Defense,-39.104286,-60.475254,True,-2.0,-2.0,Near Service Box,Left,60.475254,84.245255,72.36025,39.104286,50.074287,44.589287
9,13,326,123,Player,red,Defense,-5.8980384,-24.032478,True,-2.0,-2.0,Near Service Box,Left,24.032478,47.80248,35.91748,5.8980384,16.868038,11.3830385
9,14,1133,116,Player,red,Defense,13.61117,5.162251,True,12.97,5.162251,Near Service Box,Right,5.162251,18.60775,6.722749,13.61117,2.6411695,8.126169
9,15,174,123,Player,red,Defense,-20.069489,-45.68115,True,-2.0,-2.0,Near Service Box,Left,45.68115,69.45115,57.566147,20.069489,31.03949,25.55449
9,16,225,121,Player,red,Defense,-14.315121,-37.47399,True,-2.0,-2.0,Near Service Box,Left,37.47399,61.24399,49.358994,14.315121,25.285122,19.800121
9,63,1182,386,Player,red,Defense,11.785541,18.056068,False,11.785541,18.056068,Far Service Box,Right,18.056068,5.713932,6.171068,11.785541,0.8155403,6.3005404
9,69,285,122,Player,red,Defense,-8.846458,-28.787209,True,-2.0,-2.0,Near Service Box,Left,28.787209,52.55721,40.67221,8.846458,19.81646,14.331459
9,0,959,531,Ball,blue,Ball,9.52885,21.725176,False,9.52885,21.725176,Far Service Box,Right,21.725176,2.0448246,9.840176,9.52885,1.4411507,4.0438495
10,1,632,210,Player,red,Defense,6.277999,4.334466,False,6.277999,4.334466,Near Service Box,Right,4.334466,19.435535,7.5505342,6.277999,4.6920013,0.7929988
10,2,112,363,Player,red,Defense,-5.5799356,9.184729,True,-2.0,9.184729,Near Court,Left,9.184729,14.585272,2.7002716,5.5799356,16.549936,11.064936
10,3,916,646,Player,red,Defense,8.924778,24.32742,False,8.924778,24.32742,Out of Bounds,Right,24.32742,0.5574188,12.442419,8.924778,2.0452223,3.4397779
10,4,405,160,Player,red,Defense,-0.46027467,-9.39482,True,-0.46027467,-2.0,Near Service Box,Left,9.39482,33.16482,21.27982,0.46027467,11.430275,5.945275
10,5,1189,281,Player,red,Defense,12.522513,14.384523,False,12.522513,14.384523,Far Court,Right,14.384523,9.385477,2.4995232,12.522513,1.5525131,7.0375133
10,6,970,164,Player,red,Defense,11.465985,6.21397,False,11.465985,6.21397,Near Service Box,Right,6.21397,17.55603,5.67103,11.465985,0.49598503,5.980985
10,7,52,148,Player,red,Defense,-35.00388,-58.156208,True,-2.0,-2.0,Near Service Box,Left,58.156208,81.92621,70.04121,35.00388,45.97388,40.48888
10,8,558,66,Player,red,Defense,3.5675747,-20.303751,True,3.5675747,-2.0,Near Service Box,Left,20.303751,44.073753,32.18875,3.5675747,7.402426,1.9174254
10,10,849,67,Player,red,Defense,10.717487,-5.689447,True,10.717487,-2.0,Near Service Box,Right,5.689447,29.459448,17.574448,10.717487,0.25251293,5.232487
10,11,22,156,Player,red,Defense,-39.104286,-60.475254,True,-2.0,-2.0,Near Service Box,Left,60.475254,84.245255,72.36025,39.104286,50.074287,44.589287
10,13,326,123,Player,red,Defense,-5.8980384,-24.032478,True,-2.0,-2.0,Near Service Box,Left,24.032478,47.80248,35.91748,5.8980384,16.868038,11.3830385
10,14,1133,116,Player,red,Defense,13.61117,5.162251,True,12.97,5.162251,Near Service Box,Right,5.162251,18.60775,6.722749,13.61117,2.6411695,8.126169
10,15,174,123,Player,red,Defense,-20.069489,-45.68115,True,-2.0,-2.0,Near Service Box,Left,45.68115,69.45115,57.566147,20.069489,31.03949,25.55449
10,16,224,121,Player,red,Defense,-14.419364,-37.634777,True,-2.0,-2.0,Near Service Box,Left,37.634777,61.404778,49.519775,14.419364,25.389364,19.904364
10,63,1182,386,Player,red,Defense,11.785541,18.056068,False,11.785541,18.056068,Far Service Box,Right,18.056068,5.713932,6.171068,11.785541,0.8155403,6.3005404
10,69,285,122,Player,red,Defense,-8.846458,-28.787209,True,-2.0,-2.0,Near Service Box,Left,28.787209,52.55721,40.67221,8.846458,19.81646,14.331459
10,0,970,537,Ball,blue,Ball,9.595108,21.885025,False,9.595108,21.885025,Far Service Box,Right,21.885025,1.8849754,10.000025,9.595108,1.3748922,4.110108
11,1,862,210,Player,red,Defense,9.855263,7.9551077,False,9.855263,7.9551077,Near Court,Right,7.9551077,15.814893,3.9298925,9.855263,1.1147375,4.3702626
11,2,112,363,Player,red,Defense,-5.5799356,9.184729,True,-2.0,9.184729,Near Court,Left,9.184729,14.585272,2.7002716,5.5799356,16.549936,11.064936
11,3,626,579,Player,red,Defense,6.4906664,22.76554,False,6.4906664,22.76554,Far Service Box,Right,22.76554,1.0044613,10.880539,6.4906664,4.479334,1.0056663
11,4,405,160,Player,red,Defense,-0.46027467,-9.39482,True,-0.46027467,-2.0,Near Service Box,Left,9.39482,33.16482,21.27982,0.46027467,11.430275,5.945275
11,5,1189,281,Player,red,Defense,12.522513,14.384523,False,12.522513,14.384523,Far Court,Right,14.384523,9.385477,2.4995232,12.522513,1.5525131,7.0375133
11,6,970,164,Player,red,Defense,11.465985,6.21397,False,11.465985,6.21397,Near Service Box,Right,6.21397,17.55603,5.67103,11.465985,0.49598503,5.980985
11,7,51,148,Player,red,Defense,-35.22927,-58.461826,True,-2.0,-2.0,Near Service Box,Left,58.461826,82.23183,70.346825,35.22927,46.199272,40.71427
11,8,557,65,Player,red,Defense,3.517866,-20.628641,True,3.517866,-2.0,Near Service Box,Left,20.628641,44.398643,32.51364,3.517866,7.452134,1.9671342
11,10,850,67,Player,red,Defense,10.733907,-5.656395,True,10.733907,-2.0,Near Service Box,Right,5.656395,29.426395,17.541395,10.733907,0.23609352,5.2489066
11,11,22,156,Player,red,Defense,-39.104286,-60.475254,True,-2.0,-2.0,Near Service Box,Left,60.475254,84.245255,72.36025,39.104286,50.074287,44.589287
11,12,1269,147,Player,red,Defense,14.358547,8.70719,True,12.97,8.70719,Near Court,Right,8.70719,15.062811,3.1778107,14.358547,3.388547,8.873547
11,13,326,123,Player,red,Defense,-5.8980384,-24.032478,True,-2.0,-2.0,Near Service Box,Left,24.032478,47.80248,35.91748,5.8980384,16.868038,11.3830385
11,15,174,123,Player,red,Defense,-20.069489,-45.68115,True,-2.0,-2.0,Near Service Box,Left,45.68115,69.45115,57.566147,20.069489,31.03949,25.55449
11,16,226,121,Player,red,Defense,-14.211424,-37.314053,True,-2.0,-2.0,Near Service Box,Left,37.314053,61.084053,49.19905,14.211424,25.181423,19.696424
11,63,1182,386,Player,red,Defense,11.785541,18.056068,False,11.785541,18.056068,Far Service Box,Right,18.056068,5.713932,6.171068,11.785541,0.8155403,6.3005404
11,69,285,122,Player,red,Defense,-8.846458,-28.787209,True,-2.0,-2.0,Near Service Box,Left,28.787209,52.55721,40.67221,8.846458,19.81646,14.331459
11,93,482,66,Player,red,Defense,0.36043942,-26.792273,True,0.36043942,-2.0,Near Service Box,Left,26.792273,50.56227,38.677273,0.36043942,10.609561,5.124561
12,1,872,208,Player,red,Defense,9.991843,7.9469156,False,9.991843,7.9469156,Near Court,Right,7.9469156,15.823085,3.9380846,9.991843,0.97815704,4.506843
12,2,114,362,Player,red,Defense,-5.5387387,9.121562,True,-2.0,9.121562,Near Court,Left,9.121562,14.648438,2.7634382,5.5387387,16.50874,11.023739
12,3,643,539,Player,red,Defense,6.653458,21.638891,False,6.653458,21.638891,Far Service Box,Right,21.638891,2.1311092,9.753891,6.653458,4.316542,1.168458
12,4,405,160,Player,red,Defense,-0.46027467,-9.39482,True,-0.46027467,-2.0,Near Service Box,Left,9.39482,33.16482,21.27982,0.46027467,11.430275,5.945275
12,5,1189,281,Player,red,Defense,12.522513,14.384523,False,12.522513,14.384523,Far Court,Right,14.384523,9.385477,2.4995232,12.522513,1.5525131,7.0375133
12,6,969,164,Player,red,Defense,11.4547205,6.1998086,False,11.4547205,6.1998086,Near Service Box,Right,6.1998086,17.570192,5.6851916,11.4547205,0.48472023,5.9697204
12,7,51,148,Player,red,Defense,-35.22927,-58.461826,True,-2.0,-2.0,Near Service Box,Left,58.461826,82.23183,70.346825,35.22927,46.199272,40.71427
12,8,558,65,Player,red,Defense,3.5548477,-20.553438,True,3.5548477,-2.0,Near Service Box,Left,20.553438,44.32344,32.43844,3.5548477,7.4151525,1.9301524
12,10,850,67,Player,red,Defense,10.733907,-5.656395,True,10.733907,-2.0,Near Service Box,Right,5.656395,29.426395,17.541395,10.733907,0.23609352,5.2489066
12,11,22,156,Player,red,Defense,-39.104286,-60.475254,True,-2.0,-2.0,Near Service Box,Left,60.475254,84.245255,72.36025,39.104286,50.074287,44.589287
12,12,1269,147,Player,red,Defense,14.358547,8.70719,True,12.97,8.70719,Near Court,Right,8.70719,15.062811,3.1778107,14.358547,3.388547,8.873547
12,13,326,123,Player,red,Defense,-5.8980384,-24.032478,True,-2.0,-2.0,Near Service Box,Left,24.032478,47.80248,35.91748,5.8980384,16.868038,11.3830385
12,14,1133,116,Player,red,Defense,13.61117,5.162251,True,12.97,5.162251,Near Service Box,Right,5.162251,18.60775,6.722749,13.61117,2.6411695,8.126169
12,15,175,123,Player,red,Defense,-19.934206,-45.474487,True,-2.0,-2.0,Near Service Box,Left,45.474487,69.24449,57.35949,19.934206,30.904205,25.419207
12,16,226,121,Player,red,Defense,-14.211424,-37.314053,True,-2.0,-2.0,Near Service Box,Left,37.314053,61.084053,49.19905,14.211424,25.181423,19.696424
12,63,1182,387,Player,red,Defense,11.779826,18.087032,False,11.779826,18.087032,Far Service Box,Right,18.087032,5.682968,6.202032,11.779826,0.8098259,6.294826
12,69,285,122,Player,red,Defense,-8.846458,-28.787209,True,-2.0,-2.0,Near Service Box,Left,28.787209,52.55721,40.67221,8.846458,19.81646,14.331459
13,1,872,207,Player,red,Defense,9.997596,7.8791184,False,9.997596,7.8791184,Near Court,Right,7.8791184,15.8908825,4.005882,9.997596,0.9724045,4.5125957
13,2,113,362,Player,red,Defense,-5.5766196,9.103844,True,-2.0,9.103844,Near Court,Left,9.103844,14.666157,2.7811565,5.5766196,16.54662,11.06162
13,3,645,536,Player,red,Defense,6.6739683,21.551378,False,6.6739683,21.551378,Far Service Box,Right,21.551378,2.2186222,9.666378,6.6739683,4.296032,1.1889682
13,4,405,160,Player,red,Defense,-0.46027467,-9.39482,True,-0.46027467,-2.0,Near Service Box,Left,9.39482,33.16482,21.27982,0.46027467,11.430275,5.945275
13,5,1189,281,Player,red,Defense,12.522513,14.384523,False,12.522513,14.384523,Far Court,Right,14.384523,9.385477,2.4995232,12.522513,1.5525131,7.0375133
13,6,970,164,Player,red,Defense,11.465985,6.21397,False,11.465985,6.21397,Near Service Box,Right,6.21397,17.55603,5.67103,11.465985,0.49598503,5.980985
13,7,51,148,Player,red,Defense,-35.22927,-58.461826,True,-2.0,-2.0,Near Service Box,Left,58.461826,82.23183,70.346825,35.22927,46.199272,40.71427
13,8,558,65,Player,red,Defense,3.5548477,-20.553438,True,3.5548477,-2.0,Near Service Box,Left,20.553438,44.32344,32.43844,3.5548477,7.4151525,1.9301524
13,10,850,67,Player,red,Defense,10.733907,-5.656395,True,10.733907,-2.0,Near Service Box,Right,5.656395,29.426395,17.541395,10.733907,0.23609352,5.2489066
13,11,22,156,Player,red,Defense,-39.104286,-60.475254,True,-2.0,-2.0,Near Service Box,Left,60.475254,84.245255,72.36025,39.104286,50.074287,44.589287
13,12,1269,147,Player,red,Defense,14.358547,8.70719,True,12.97,8.70719,Near Court,Right,8.70719,15.062811,3.1778107,14.358547,3.388547,8.873547
13,13,326,123,Player,red,Defense,-5.8980384,-24.032478,True,-2.0,-2.0,Near Service Box,Left,24.032478,47.80248,35.91748,5.8980384,16.868038,11.3830385
13,14,1133,115,Player,red,Defense,13.623088,5.0923653,True,12.97,5.0923653,Near Service Box,Right,5.0923653,18.677635,6.792635,13.623088,2.6530876,8.138088
13,15,175,123,Player,red,Defense,-19.934206,-45.474487,True,-2.0,-2.0,Near Service Box,Left,45.474487,69.24449,57.35949,19.934206,30.904205,25.419207
13,16,226,121,Player,red,Defense,-14.211424,-37.314053,True,-2.0,-2.0,Near Service Box,Left,37.314053,61.084053,49.19905,14.211424,25.181423,19.696424
13,63,1182,386,Player,red,Defense,11.785541,18.056068,False,11.785541,18.056068,Far Service Box,Right,18.056068,5.713932,6.171068,11.785541,0.8155403,6.3005404
13,69,284,122,Player,red,Defense,-8.923618,-28.90565,True,-2.0,-2.0,Near Service Box,Left,28.90565,52.67565,40.79065,8.923618,19.89362,14.408619
14,1,871,208,Player,red,Defense,9.979385,7.9341865,False,9.979385,7.9341865,Near Court,Right,7.9341865,15.8358135,3.9508138,9.979385,0.9906149,4.4943852
14,2,111,362,Player,red,Defense,-5.6526613,9.068277,True,-2.0,9.068277,Near Court,Left,9.068277,14.701723,2.8167229,5.6526613,16.622662,11.137661
14,3,647,534,Player,red,Defense,6.6948304,21.493544,False,6.6948304,21.493544,Far Service Box,Right,21.493544,2.2764568,9.608543,6.6948304,4.27517,1.2098303
14,4,405,160,Player,red,Defense,-0.46027467,-9.39482,True,-0.46027467,-2.0,Near Service Box,Left,9.39482,33.16482,21.27982,0.46027467,11.430275,5.945275
14,5,1189,281,Player,red,Defense,12.522513,14.384523,False,12.522513,14.384523,Far Court,Right,14.384523,9.385477,2.4995232,12.522513,1.5525131,7.0375133
14,6,970,164,Player,red,Defense,11.465985,6.21397,False,11.465985,6.21397,Near Service Box,Right,6.21397,17.55603,5.67103,11.465985,0.49598503,5.980985
14,7,51,148,Player,red,Defense,-35.22927,-58.461826,True,-2.0,-2.0,Near Service Box,Left,58.461826,82.23183,70.346825,35.22927,46.199272,40.71427
14,8,558,65,Player,red,Defense,3.5548477,-20.553438,True,3.5548477,-2.0,Near Service Box,Left,20.553438,44.32344,32.43844,3.5548477,7.4151525,1.9301524
14,10,850,67,Player,red,Defense,10.733907,-5.656395,True,10.733907,-2.0,Near Service Box,Right,5.656395,29.426395,17.541395,10.733907,0.23609352,5.2489066
14,11,22,156,Player,red,Defense,-39.104286,-60.475254,True,-2.0,-2.0,Near Service Box,Left,60.475254,84.245255,72.36025,39.104286,50.074287,44.589287
14,12,1269,147,Player,red,Defense,14.358547,8.70719,True,12.97,8.70719,Near Court,Right,8.70719,15.062811,3.1778107,14.358547,3.388547,8.873547
14,13,326,123,Player,red,Defense,-5.8980384,-24.032478,True,-2.0,-2.0,Near Service Box,Left,24.032478,47.80248,35.91748,5.8980384,16.868038,11.3830385
14,14,1133,115,Player,red,Defense,13.623088,5.0923653,True,12.97,5.0923653,Near Service Box,Right,5.0923653,18.677635,6.792635,13.623088,2.6530876,8.138088
14,15,175,123,Player,red,Defense,-19.934206,-45.474487,True,-2.0,-2.0,Near Service Box,Left,45.474487,69.24449,57.35949,19.934206,30.904205,25.419207
14,16,226,121,Player,red,Defense,-14.211424,-37.314053,True,-2.0,-2.0,Near Service Box,Left,37.314053,61.084053,49.19905,14.211424,25.181423,19.696424
14,63,1182,386,Player,red,Defense,11.785541,18.056068,False,11.785541,18.056068,Far Service Box,Right,18.056068,5.713932,6.171068,11.785541,0.8155403,6.3005404
14,69,285,122,Player,red,Defense,-8.846458,-28.787209,True,-2.0,-2.0,Near Service Box,Left,28.787209,52.55721,40.67221,8.846458,19.81646,14.331459
14,0,719,307,Ball,blue,Ball,7.6532917,12.44192,False,7.6532917,12.44192,Far Court,Right,12.44192,11.32808,0.55692005,7.6532917,3.3167086,2.1682916
15,1,868,208,Player,red,Defense,9.941887,7.895873,False,9.941887,7.895873,Near Court,Right,7.895873,15.874127,3.9891272,9.941887,1.0281134,4.456887
15,2,129,361,Player,red,Defense,-5.013913,9.285846,True,-2.0,9.285846,Near Court,Left,9.285846,14.484155,2.5991545,5.013913,15.983913,10.498913
15,3,658,514,Player,red,Defense,6.809855,20.892057,False,6.809855,20.892057,Far Service Box,Right,20.892057,2.877943,9.007057,6.809855,4.1601453,1.3248549
15,4,405,160,Player,red,Defense,-0.46027467,-9.39482,True,-0.46027467,-2.0,Near Service Box,Left,9.39482,33.16482,21.27982,0.46027467,11.430275,5.945275
15,5,1189,282,Player,red,Defense,12.515055,14.424509,False,12.515055,14.424509,Far Court,Right,14.424509,9.345491,2.5395088,12.515055,1.5450544,7.0300546
15,6,970,164,Player,red,Defense,11.465985,6.21397,False,11.465985,6.21397,Near Service Box,Right,6.21397,17.55603,5.67103,11.465985,0.49598503,5.980985
15,7,51,148,Player,red,Defense,-35.22927,-58.461826,True,-2.0,-2.0,Near Service Box,Left,58.461826,82.23183,70.346825,35.22927,46.199272,40.71427
15,8,557,65,Player,red,Defense,3.517866,-20.628641,True,3.517866,-2.0,Near Service Box,Left,20.628641,44.398643,32.51364,3.517866,7.452134,1.9671342
15,10,851,66,Player,red,Defense,10.760194,-5.75199,True,10.760194,-2.0,Near Service Box,Right,5.75199,29.52199,17.63699,10.760194,0.20980644,5.2751937
15,11,21,156,Player,red,Defense,-39.35629,-60.80426,True,-2.0,-2.0,Near Service Box,Left,60.80426,84.574265,72.68926,39.35629,50.32629,44.84129
15,12,1269,147,Player,red,Defense,14.358547,8.70719,True,12.97,8.70719,Near Court,Right,8.70719,15.062811,3.1778107,14.358547,3.388547,8.873547
15,13,326,123,Player,red,Defense,-5.8980384,-24.032478,True,-2.0,-2.0,Near Service Box,Left,24.032478,47.80248,35.91748,5.8980384,16.868038,11.3830385
15,14,1132,115,Player,red,Defense,13.613981,5.0779057,True,12.97,5.0779057,Near Service Box,Right,5.0779057,18.692095,6.8070946,13.613981,2.643981,8.128981
15,15,175,123,Player,red,Defense,-19.934206,-45.474487,True,-2.0,-2.0,Near Service Box,Left,45.474487,69.24449,57.35949,19.934206,30.904205,25.419207
15,16,226,121,Player,red,Defense,-14.211424,-37.314053,True,-2.0,-2.0,Near Service Box,Left,37.314053,61.084053,49.19905,14.211424,25.181423,19.696424
15,63,1182,387,Player,red,Defense,11.779826,18.087032,False,11.779826,18.087032,Far Service Box,Right,18.087032,5.682968,6.202032,11.779826,0.8098259,6.294826
15,69,286,122,Player,red,Defense,-8.769646,-28.669302,True,-2.0,-2.0,Near Service Box,Left,28.669302,52.4393,40.554302,8.769646,19.739647,14.254646
16,1,868,207,Player,red,Defense,9.947566,7.827758,False,9.947566,7.827758,Near Court,Right,7.827758,15.942243,4.0572424,9.947566,1.0224342,4.462566
16,2,138,360,Player,red,Defense,-4.7192793,9.343779,True,-2.0,9.343779,Near Court,Left,9.343779,14.426222,2.5412216,4.7192793,15.68928,10.204279
16,3,660,512,Player,red,Defense,6.831368,20.831999,False,6.831368,20.831999,Far Service Box,Right,20.831999,2.9380016,8.946999,6.831368,4.1386323,1.3463678
16,4,405,160,Player,red,Defense,-0.46027467,-9.39482,True,-0.46027467,-2.0,Near Service Box,Left,9.39482,33.16482,21.27982,0.46027467,11.430275,5.945275
16,5,1189,283,Player,red,Defense,12.507616,14.464389,False,12.507616,14.464389,Far Court,Right,14.464389,9.305612,2.5793886,12.507616,1.5376158,7.022616
16,6,970,164,Player,red,Defense,11.465985,6.21397,False,11.465985,6.21397,Near Service Box,Right,6.21397,17.55603,5.67103,11.465985,0.49598503,5.980985
16,7,51,148,Player,red,Defense,-35.22927,-58.461826,True,-2.0,-2.0,Near Service Box,Left,58.461826,82.23183,70.346825,35.22927,46.199272,40.71427
16,8,557,65,Player,red,Defense,3.517866,-20.628641,True,3.517866,-2.0,Near Service Box,Left,20.628641,44.398643,32.51364,3.517866,7.452134,1.9671342
16,10,852,66,Player,red,Defense,10.77657,-5.718858,True,10.77657,-2.0,Near Service Box,Right,5.718858,29.488857,17.603859,10.77657,0.19342995,5.29157
16,11,21,156,Player,red,Defense,-39.35629,-60.80426,True,-2.0,-2.0,Near Service Box,Left,60.80426,84.574265,72.68926,39.35629,50.32629,44.84129
16,12,1269,147,Player,red,Defense,14.358547,8.70719,True,12.97,8.70719,Near Court,Right,8.70719,15.062811,3.1778107,14.358547,3.388547,8.873547
16,13,326,123,Player,red,Defense,-5.8980384,-24.032478,True,-2.0,-2.0,Near Service Box,Left,24.032478,47.80248,35.91748,5.8980384,16.868038,11.3830385
16,15,175,123,Player,red,Defense,-19.934206,-45.474487,True,-2.0,-2.0,Near Service Box,Left,45.474487,69.24449,57.35949,19.934206,30.904205,25.419207
16,16,226,121,Player,red,Defense,-14.211424,-37.314053,True,-2.0,-2.0,Near Service Box,Left,37.314053,61.084053,49.19905,14.211424,25.181423,19.696424
16,63,1182,386,Player,red,Defense,11.785541,18.056068,False,11.785541,18.056068,Far Service Box,Right,18.056068,5.713932,6.171068,11.785541,0.8155403,6.3005404
16,69,287,122,Player,red,Defense,-8.693178,-28.551928,True,-2.0,-2.0,Near Service Box,Left,28.551928,52.32193,40.436928,8.693178,19.663177,14.178179
17,1,868,207,Player,red,Defense,9.947566,7.827758,False,9.947566,7.827758,Near Court,Right,7.827758,15.942243,4.0572424,9.947566,1.0224342,4.462566
17,2,142,360,Player,red,Defense,-4.5761104,9.411512,True,-2.0,9.411512,Near Court,Left,9.411512,14.358488,2.4734879,4.5761104,15.54611,10.0611105
17,3,662,510,Player,red,Defense,6.8529453,20.771763,False,6.8529453,20.771763,Far Service Box,Right,20.771763,2.9982376,8.886763,6.8529453,4.117055,1.3679452
17,4,405,160,Player,red,Defense,-0.46027467,-9.39482,True,-0.46027467,-2.0,Near Service Box,Left,9.39482,33.16482,21.27982,0.46027467,11.430275,5.945275
17,5,1189,282,Player,red,Defense,12.515055,14.424509,False,12.515055,14.424509,Far Court,Right,14.424509,9.345491,2.5395088,12.515055,1.5450544,7.0300546
17,6,970,164,Player,red,Defense,11.465985,6.21397,False,11.465985,6.21397,Near Service Box,Right,6.21397,17.55603,5.67103,11.465985,0.49598503,5.980985
17,7,51,147,Player,red,Defense,-35.58786,-59.339886,True,-2.0,-2.0,Near Service Box,Left,59.339886,83.109886,71.224884,35.58786,46.55786,41.07286
17,8,557,66,Player,red,Defense,3.5307562,-20.37824,True,3.5307562,-2.0,Near Service Box,Left,20.37824,44.14824,32.26324,3.5307562,7.4392443,1.9542439
17,10,852,66,Player,red,Defense,10.77657,-5.718858,True,10.77657,-2.0,Near Service Box,Right,5.718858,29.488857,17.603859,10.77657,0.19342995,5.29157
17,11,22,156,Player,red,Defense,-39.104286,-60.475254,True,-2.0,-2.0,Near Service Box,Left,60.475254,84.245255,72.36025,39.104286,50.074287,44.589287
17,13,326,123,Player,red,Defense,-5.8980384,-24.032478,True,-2.0,-2.0,Near Service Box,Left,24.032478,47.80248,35.91748,5.8980384,16.868038,11.3830385
17,15,175,123,Player,red,Defense,-19.934206,-45.474487,True,-2.0,-2.0,Near Service Box,Left,45.474487,69.24449,57.35949,19.934206,30.904205,25.419207
17,16,226,121,Player,red,Defense,-14.211424,-37.314053,True,-2.0,-2.0,Near Service Box,Left,37.314053,61.084053,49.19905,14.211424,25.181423,19.696424
17,63,1182,387,Player,red,Defense,11.779826,18.087032,False,11.779826,18.087032,Far Service Box,Right,18.087032,5.682968,6.202032,11.779826,0.8098259,6.294826
17,69,286,122,Player,red,Defense,-8.769646,-28.669302,True,-2.0,-2.0,Near Service Box,Left,28.669302,52.4393,40.554302,8.769646,19.739647,14.254646
18,1,868,207,Player,red,Defense,9.947566,7.827758,False,9.947566,7.827758,Near Court,Right,7.827758,15.942243,4.0572424,9.947566,1.0224342,4.462566
18,2,146,360,Player,red,Defense,-4.434304,9.478601,True,-2.0,9.478601,Near Court,Left,9.478601,14.291399,2.4063988,4.434304,15.4043045,9.919304
18,3,664,509,Player,red,Defense,6.874591,20.74321,False,6.874591,20.74321,Far Service Box,Right,20.74321,3.0267906,8.85821,6.874591,4.0954094,1.3895907
18,4,405,160,Player,red,Defense,-0.46027467,-9.39482,True,-0.46027467,-2.0,Near Service Box,Left,9.39482,33.16482,21.27982,0.46027467,11.430275,5.945275
18,5,1189,281,Player,red,Defense,12.522513,14.384523,False,12.522513,14.384523,Far Court,Right,14.384523,9.385477,2.4995232,12.522513,1.5525131,7.0375133
18,6,970,164,Player,red,Defense,11.465985,6.21397,False,11.465985,6.21397,Near Service Box,Right,6.21397,17.55603,5.67103,11.465985,0.49598503,5.980985
18,7,52,147,Player,red,Defense,-35.35921,-59.028374,True,-2.0,-2.0,Near Service Box,Left,59.028374,82.79837,70.913376,35.35921,46.329212,40.84421
18,8,557,66,Player,red,Defense,3.5307562,-20.37824,True,3.5307562,-2.0,Near Service Box,Left,20.37824,44.14824,32.26324,3.5307562,7.4392443,1.9542439
18,10,852,66,Player,red,Defense,10.77657,-5.718858,True,10.77657,-2.0,Near Service Box,Right,5.718858,29.488857,17.603859,10.77657,0.19342995,5.29157
18,11,22,156,Player,red,Defense,-39.104286,-60.475254,True,-2.0,-2.0,Near Service Box,Left,60.475254,84.245255,72.36025,39.104286,50.074287,44.589287
18,13,326,123,Player,red,Defense,-5.8980384,-24.032478,True,-2.0,-2.0,Near Service Box,Left,24.032478,47.80248,35.91748,5.8980384,16.868038,11.3830385
18,15,175,123,Player,red,Defense,-19.934206,-45.474487,True,-2.0,-2.0,Near Service Box,Left,45.474487,69.24449,57.35949,19.934206,30.904205,25.419207
18,16,226,121,Player,red,Defense,-14.211424,-37.314053,True,-2.0,-2.0,Near Service Box,Left,37.314053,61.084053,49.19905,14.211424,25.181423,19.696424
18,63,1182,387,Player,red,Defense,11.779826,18.087032,False,11.779826,18.087032,Far Service Box,Right,18.087032,5.682968,6.202032,11.779826,0.8098259,6.294826
18,69,286,122,Player,red,Defense,-8.769646,-28.669302,True,-2.0,-2.0,Near Service Box,Left,28.669302,52.4393,40.554302,8.769646,19.739647,14.254646
19,1,868,207,Player,red,Defense,9.947566,7.827758,False,9.947566,7.827758,Near Court,Right,7.827758,15.942243,4.0572424,9.947566,1.0224342,4.462566
19,2,150,360,Player,red,Defense,-4.293841,9.545055,True,-2.0,9.545055,Near Court,Left,9.545055,14.224945,2.3399448,4.293841,15.263842,9.778841
19,3,666,508,Player,red,Defense,6.8962436,20.71465,False,6.8962436,20.71465,Far Service Box,Right,20.71465,3.0553513,8.829649,6.8962436,4.0737567,1.4112434
19,4,405,160,Player,red,Defense,-0.46027467,-9.39482,True,-0.46027467,-2.0,Near Service Box,Left,9.39482,33.16482,21.27982,0.46027467,11.430275,5.945275
19,5,1189,282,Player,red,Defense,12.515055,14.424509,False,12.515055,14.424509,Far Court,Right,14.424509,9.345491,2.5395088,12.515055,1.5450544,7.0300546
19,6,970,164,Player,red,Defense,11.465985,6.21397,False,11.465985,6.21397,Near Service Box,Right,6.21397,17.55603,5.67103,11.465985,0.49598503,5.980985
19,7,52,147,Player,red,Defense,-35.35921,-59.028374,True,-2.0,-2.0,Near Service Box,Left,59.028374,82.79837,70.913376,35.35921,46.329212,40.84421
19,8,557,66,Player,red,Defense,3.5307562,-20.37824,True,3.5307562,-2.0,Near Service Box,Left,20.37824,44.14824,32.26324,3.5307562,7.4392443,1.9542439
19,10,851,66,Player,red,Defense,10.760194,-5.75199,True,10.760194,-2.0,Near Service Box,Right,5.75199,29.52199,17.63699,10.760194,0.20980644,5.2751937
19,11,22,156,Player,red,Defense,-39.104286,-60.475254,True,-2.0,-2.0,Near Service Box,Left,60.475254,84.245255,72.36025,39.104286,50.074287,44.589287
19,13,325,122,Player,red,Defense,-6.0222745,-24.452137,True,-2.0,-2.0,Near Service Box,Left,24.452137,48.222137,36.337135,6.0222745,16.992275,11.507275
19,15,175,123,Player,red,Defense,-19.934206,-45.474487,True,-2.0,-2.0,Near Service Box,Left,45.474487,69.24449,57.35949,19.934206,30.904205,25.419207
19,16,226,121,Player,red,Defense,-14.211424,-37.314053,True,-2.0,-2.0,Near Service Box,Left,37.314053,61.084053,49.19905,14.211424,25.181423,19.696424
19,63,1182,387,Player,red,Defense,11.779826,18.087032,False,11.779826,18.087032,Far Service Box,Right,18.087032,5.682968,6.202032,11.779826,0.8098259,6.294826
19,69,286,122,Player,red,Defense,-8.769646,-28.669302,True,-2.0,-2.0,Near Service Box,Left,28.669302,52.4393,40.554302,8.769646,19.739647,14.254646
20,1,867,207,Player,red,Defense,9.935006,7.814865,False,9.935006,7.814865,Near Court,Right,7.814865,15.955135,4.070135,9.935006,1.0349941,4.450006
20,2,157,361,Player,red,Defense,-4.022323,9.752299,True,-2.0,9.752299,Near Court,Left,9.752299,14.017701,2.132701,4.022323,14.992323,9.507323
20,3,668,507,Player,red,Defense,6.9179025,20.686079,False,6.9179025,20.686079,Far Service Box,Right,20.686079,3.0839214,8.801079,6.9179025,4.052098,1.4329023
20,4,405,160,Player,red,Defense,-0.46027467,-9.39482,True,-0.46027467,-2.0,Near Service Box,Left,9.39482,33.16482,21.27982,0.46027467,11.430275,5.945275
20,5,1189,282,Player,red,Defense,12.515055,14.424509,False,12.515055,14.424509,Far Court,Right,14.424509,9.345491,2.5395088,12.515055,1.5450544,7.0300546
20,6,970,164,Player,red,Defense,11.465985,6.21397,False,11.465985,6.21397,Near Service Box,Right,6.21397,17.55603,5.67103,11.465985,0.49598503,5.980985
20,7,52,147,Player,red,Defense,-35.35921,-59.028374,True,-2.0,-2.0,Near Service Box,Left,59.028374,82.79837,70.913376,35.35921,46.329212,40.84421
20,8,557,66,Player,red,Defense,3.5307562,-20.37824,True,3.5307562,-2.0,Near Service Box,Left,20.37824,44.14824,32.26324,3.5307562,7.4392443,1.9542439
20,10,851,66,Player,red,Defense,10.760194,-5.75199,True,10.760194,-2.0,Near Service Box,Right,5.75199,29.52199,17.63699,10.760194,0.20980644,5.2751937
20,11,22,156,Player,red,Defense,-39.104286,-60.475254,True,-2.0,-2.0,Near Service Box,Left,60.475254,84.245255,72.36025,39.104286,50.074287,44.589287
20,13,325,123,Player,red,Defense,-5.9622326,-24.130543,True,-2.0,-2.0,Near Service Box,Left,24.130543,47.900543,36.01554,5.9622326,16.932232,11.447233
20,15,175,123,Player,red,Defense,-19.934206,-45.474487,True,-2.0,-2.0,Near Service Box,Left,45.474487,69.24449,57.35949,19.934206,30.904205,25.419207
20,16,226,121,Player,red,Defense,-14.211424,-37.314053,True,-2.0,-2.0,Near Service Box,Left,37.314053,61.084053,49.19905,14.211424,25.181423,19.696424
20,63,1182,387,Player,red,Defense,11.779826,18.087032,False,11.779826,18.087032,Far Service Box,Right,18.087032,5.682968,6.202032,11.779826,0.8098259,6.294826
20,69,287,122,Player,red,Defense,-8.693178,-28.551928,True,-2.0,-2.0,Near Service Box,Left,28.551928,52.32193,40.436928,8.693178,19.663177,14.178179
20,156,36,151,Player,red,Defense,-37.630016,-60.514545,True,-2.0,-2.0,Near Service Box,Left,60.514545,84.284546,72.39954,37.630016,48.600018,43.115017
21,1,854,205,Player,red,Defense,9.7807255,7.506031,False,9.7807255,7.506031,Near Court,Right,7.506031,16.26397,4.378969,9.7807255,1.1892748,4.2957253
21,2,202,362,Player,red,Defense,-2.5344958,10.52672,True,-2.0,10.52672,Near Court,Left,10.52672,13.24328,1.3582802,2.5344958,13.504496,8.019496
21,3,680,495,Player,red,Defense,7.0493636,20.319937,False,7.0493636,20.319937,Far Service Box,Right,20.319937,3.4500637,8.434937,7.0493636,3.9206367,1.5643635
21,4,405,160,Player,red,Defense,-0.46027467,-9.39482,True,-0.46027467,-2.0,Near Service Box,Left,9.39482,33.16482,21.27982,0.46027467,11.430275,5.945275
21,5,1189,282,Player,red,Defense,12.515055,14.424509,False,12.515055,14.424509,Far Court,Right,14.424509,9.345491,2.5395088,12.515055,1.5450544,7.0300546
21,6,970,164,Player,red,Defense,11.465985,6.21397,False,11.465985,6.21397,Near Service Box,Right,6.21397,17.55603,5.67103,11.465985,0.49598503,5.980985
21,7,52,147,Player,red,Defense,-35.35921,-59.028374,True,-2.0,-2.0,Near Service Box,Left,59.028374,82.79837,70.913376,35.35921,46.329212,40.84421
21,8,558,65,Player,red,Defense,3.5548477,-20.553438,True,3.5548477,-2.0,Near Service Box,Left,20.553438,44.32344,32.43844,3.5548477,7.4151525,1.9301524
21,10,851,67,Player,red,Defense,10.75029,-5.623418,True,10.75029,-2.0,Near Service Box,Right,5.623418,29.393417,17.508419,10.75029,0.21971035,5.26529
21,11,22,156,Player,red,Defense,-39.104286,-60.475254,True,-2.0,-2.0,Near Service Box,Left,60.475254,84.245255,72.36025,39.104286,50.074287,44.589287
21,13,326,123,Player,red,Defense,-5.8980384,-24.032478,True,-2.0,-2.0,Near Service Box,Left,24.032478,47.80248,35.91748,5.8980384,16.868038,11.3830385
21,15,175,123,Player,red,Defense,-19.934206,-45.474487,True,-2.0,-2.0,Near Service Box,Left,45.474487,69.24449,57.35949,19.934206,30.904205,25.419207
21,16,226,121,Player,red,Defense,-14.211424,-37.314053,True,-2.0,-2.0,Near Service Box,Left,37.314053,61.084053,49.19905,14.211424,25.181423,19.696424
21,63,1182,386,Player,red,Defense,11.785541,18.056068,False,11.785541,18.056068,Far Service Box,Right,18.056068,5.713932,6.171068,11.785541,0.8155403,6.3005404
21,156,37,151,Player,red,Defense,-37.38826,-60.191357,True,-2.0,-2.0,Near Service Box,Left,60.191357,83.96136,72.076355,37.38826,48.35826,42.87326
21,0,632,366,Ball,blue,Ball,6.43561,14.92239,False,6.43561,14.92239,Far Court,Right,14.92239,8.84761,3.0373898,6.43561,4.5343904,0.9506097
22,1,851,206,Player,red,Defense,9.736589,7.5359015,False,9.736589,7.5359015,Near Court,Right,7.5359015,16.234098,4.3490987,9.736589,1.2334108,4.2515893
22,2,208,362,Player,red,Defense,-2.3508875,10.612598,True,-2.0,10.612598,Near Court,Left,10.612598,13.157402,1.2724018,2.3508875,13.320888,7.835888
22,3,682,491,Player,red,Defense,7.072026,20.192461,False,7.072026,20.192461,Far Service Box,Right,20.192461,3.5775394,8.307461,7.072026,3.8979745,1.5870256
22,4,405,160,Player,red,Defense,-0.46027467,-9.39482,True,-0.46027467,-2.0,Near Service Box,Left,9.39482,33.16482,21.27982,0.46027467,11.430275,5.945275
22,5,1189,282,Player,red,Defense,12.515055,14.424509,False,12.515055,14.424509,Far Court,Right,14.424509,9.345491,2.5395088,12.515055,1.5450544,7.0300546
22,6,970,164,Player,red,Defense,11.465985,6.21397,False,11.465985,6.21397,Near Service Box,Right,6.21397,17.55603,5.67103,11.465985,0.49598503,5.980985
22,7,52,148,Player,red,Defense,-35.00388,-58.156208,True,-2.0,-2.0,Near Service Box,Left,58.156208,81.92621,70.04121,35.00388,45.97388,40.48888
22,8,558,65,Player,red,Defense,3.5548477,-20.553438,True,3.5548477,-2.0,Near Service Box,Left,20.553438,44.32344,32.43844,3.5548477,7.4151525,1.9301524
22,10,851,67,Player,red,Defense,10.75029,-5.623418,True,10.75029,-2.0,Near Service Box,Right,5.623418,29.393417,17.508419,10.75029,0.21971035,5.26529
22,11,22,156,Player,red,Defense,-39.104286,-60.475254,True,-2.0,-2.0,Near Service Box,Left,60.475254,84.245255,72.36025,39.104286,50.074287,44.589287
22,13,326,123,Player,red,Defense,-5.8980384,-24.032478,True,-2.0,-2.0,Near Service Box,Left,24.032478,47.80248,35.91748,5.8980384,16.868038,11.3830385
22,15,175,123,Player,red,Defense,-19.934206,-45.474487,True,-2.0,-2.0,Near Service Box,Left,45.474487,69.24449,57.35949,19.934206,30.904205,25.419207
22,16,226,121,Player,red,Defense,-14.211424,-37.314053,True,-2.0,-2.0,Near Service Box,Left,37.314053,61.084053,49.19905,14.211424,25.181423,19.696424
22,63,1182,387,Player,red,Defense,11.779826,18.087032,False,11.779826,18.087032,Far Service Box,Right,18.087032,5.682968,6.202032,11.779826,0.8098259,6.294826
22,156,37,152,Player,red,Defense,-37.007378,-59.289314,True,-2.0,-2.0,Near Service Box,Left,59.289314,83.05931,71.17432,37.007378,47.97738,42.49238
22,0,632,365,Ball,blue,Ball,6.4348636,14.872262,False,6.4348636,14.872262,Far Court,Right,14.872262,8.897738,2.9872618,6.4348636,4.5351367,0.94986343
23,1,848,205,Player,red,Defense,9.703046,7.425531,False,9.703046,7.425531,Near Court,Right,7.425531,16.34447,4.4594693,9.703046,1.2669544,4.2180457
23,2,218,359,Player,red,Defense,-2.1166046,10.501215,True,-2.0,10.501215,Near Court,Left,10.501215,13.268785,1.3837852,2.1166046,13.086605,7.6016045
23,3,685,490,Player,red,Defense,7.1048384,20.16543,False,7.1048384,20.16543,Far Service Box,Right,20.16543,3.6045704,8.28043,7.1048384,3.865162,1.6198382
23,4,404,160,Player,red,Defense,-0.49995375,-9.445654,True,-0.49995375,-2.0,Near Service Box,Left,9.445654,33.215652,21.330654,0.49995375,11.469954,5.984954
23,5,1189,282,Player,red,Defense,12.515055,14.424509,False,12.515055,14.424509,Far Court,Right,14.424509,9.345491,2.5395088,12.515055,1.5450544,7.0300546
23,6,970,164,Player,red,Defense,11.465985,6.21397,False,11.465985,6.21397,Near Service Box,Right,6.21397,17.55603,5.67103,11.465985,0.49598503,5.980985
23,7,51,148,Player,red,Defense,-35.22927,-58.461826,True,-2.0,-2.0,Near Service Box,Left,58.461826,82.23183,70.346825,35.22927,46.199272,40.71427
23,8,558,65,Player,red,Defense,3.5548477,-20.553438,True,3.5548477,-2.0,Near Service Box,Left,20.553438,44.32344,32.43844,3.5548477,7.4151525,1.9301524
23,10,851,67,Player,red,Defense,10.75029,-5.623418,True,10.75029,-2.0,Near Service Box,Right,5.623418,29.393417,17.508419,10.75029,0.21971035,5.26529
23,11,22,156,Player,red,Defense,-39.104286,-60.475254,True,-2.0,-2.0,Near Service Box,Left,60.475254,84.245255,72.36025,39.104286,50.074287,44.589287
23,13,326,123,Player,red,Defense,-5.8980384,-24.032478,True,-2.0,-2.0,Near Service Box,Left,24.032478,47.80248,35.91748,5.8980384,16.868038,11.3830385
23,15,175,123,Player,red,Defense,-19.934206,-45.474487,True,-2.0,-2.0,Near Service Box,Left,45.474487,69.24449,57.35949,19.934206,30.904205,25.419207
23,16,226,121,Player,red,Defense,-14.211424,-37.314053,True,-2.0,-2.0,Near Service Box,Left,37.314053,61.084053,49.19905,14.211424,25.181423,19.696424
23,63,1182,387,Player,red,Defense,11.779826,18.087032,False,11.779826,18.087032,Far Service Box,Right,18.087032,5.682968,6.202032,11.779826,0.8098259,6.294826
23,156,37,152,Player,red,Defense,-37.007378,-59.289314,True,-2.0,-2.0,Near Service Box,Left,59.289314,83.05931,71.17432,37.007378,47.97738,42.49238
23,0,632,364,Ball,blue,Ball,6.434115,14.821964,False,6.434115,14.821964,Far Court,Right,14.821964,8.948036,2.936964,6.434115,4.5358853,0.9491148
24,1,846,205,Player,red,Defense,9.676979,7.398517,False,9.676979,7.398517,Near Court,Right,7.398517,16.371483,4.486483,9.676979,1.2930212,4.191979
24,2,227,360,Player,red,Defense,-1.8275801,10.711853,False,-1.8275801,10.711853,Near Court,Left,10.711853,13.058147,1.1731472,1.8275801,12.797581,7.31258
24,3,690,488,Player,red,Defense,7.159588,20.10941,False,7.159588,20.10941,Far Service Box,Right,20.10941,3.6605911,8.224409,7.159588,3.8104124,1.6745877
24,4,404,160,Player,red,Defense,-0.49995375,-9.445654,True,-0.49995375,-2.0,Near Service Box,Left,9.445654,33.215652,21.330654,0.49995375,11.469954,5.984954
24,5,1189,282,Player,red,Defense,12.515055,14.424509,False,12.515055,14.424509,Far Court,Right,14.424509,9.345491,2.5395088,12.515055,1.5450544,7.0300546
24,6,970,164,Player,red,Defense,11.465985,6.21397,False,11.465985,6.21397,Near Service Box,Right,6.21397,17.55603,5.67103,11.465985,0.49598503,5.980985
24,7,52,148,Player,red,Defense,-35.00388,-58.156208,True,-2.0,-2.0,Near Service Box,Left,58.156208,81.92621,70.04121,35.00388,45.97388,40.48888
24,8,558,65,Player,red,Defense,3.5548477,-20.553438,True,3.5548477,-2.0,Near Service Box,Left,20.553438,44.32344,32.43844,3.5548477,7.4151525,1.9301524
24,10,851,67,Player,red,Defense,10.75029,-5.623418,True,10.75029,-2.0,Near Service Box,Right,5.623418,29.393417,17.508419,10.75029,0.21971035,5.26529
24,11,22,156,Player,red,Defense,-39.104286,-60.475254,True,-2.0,-2.0,Near Service Box,Left,60.475254,84.245255,72.36025,39.104286,50.074287,44.589287
24,13,326,123,Player,red,Defense,-5.8980384,-24.032478,True,-2.0,-2.0,Near Service Box,Left,24.032478,47.80248,35.91748,5.8980384,16.868038,11.3830385
24,15,176,123,Player,red,Defense,-19.79973,-45.26906,True,-2.0,-2.0,Near Service Box,Left,45.26906,69.03906,57.15406,19.79973,30.76973,25.28473
24,16,226,121,Player,red,Defense,-14.211424,-37.314053,True,-2.0,-2.0,Near Service Box,Left,37.314053,61.084053,49.19905,14.211424,25.181423,19.696424
24,63,1182,387,Player,red,Defense,11.779826,18.087032,False,11.779826,18.087032,Far Service Box,Right,18.087032,5.682968,6.202032,11.779826,0.8098259,6.294826
24,156,36,152,Player,red,Defense,-37.24559,-59.60626,True,-2.0,-2.0,Near Service Box,Left,59.60626,83.37626,71.49126,37.24559,48.21559,42.73059
24,0,633,364,Ball,blue,Ball,6.4481726,14.8284645,False,6.4481726,14.8284645,Far Court,Right,14.8284645,8.941536,2.9434643,6.4481726,4.5218277,0.96317244
24,158,1214,128,Player,red,Defense,14.158647,7.007054,True,12.97,7.007054,Near Court,Right,7.007054,16.762947,4.8779464,14.158647,3.1886463,8.673647
25,1,845,205,Player,red,Defense,9.663913,7.384976,False,9.663913,7.384976,Near Court,Right,7.384976,16.385025,4.5000243,9.663913,1.3060875,4.1789126
25,2,240,359,Player,red,Defense,-1.4714547,10.808182,False,-1.4714547,10.808182,Near Court,Left,10.808182,12.961819,1.0768185,1.4714547,12.441455,6.9564548
25,3,694,488,Player,red,Defense,7.2026644,20.117517,False,7.2026644,20.117517,Far Service Box,Right,20.117517,3.652483,8.232517,7.2026644,3.767336,1.7176642
25,4,404,160,Player,red,Defense,-0.49995375,-9.445654,True,-0.49995375,-2.0,Near Service Box,Left,9.445654,33.215652,21.330654,0.49995375,11.469954,5.984954
25,5,1189,282,Player,red,Defense,12.515055,14.424509,False,12.515055,14.424509,Far Court,Right,14.424509,9.345491,2.5395088,12.515055,1.5450544,7.0300546
25,6,970,164,Player,red,Defense,11.465985,6.21397,False,11.465985,6.21397,Near Service Box,Right,6.21397,17.55603,5.67103,11.465985,0.49598503,5.980985
25,7,51,149,Player,red,Defense,-34.876686,-57.59847,True,-2.0,-2.0,Near Service Box,Left,57.59847,81.36847,69.48347,34.876686,45.846687,40.361687
25,8,558,65,Player,red,Defense,3.5548477,-20.553438,True,3.5548477,-2.0,Near Service Box,Left,20.553438,44.32344,32.43844,3.5548477,7.4151525,1.9301524
25,10,851,67,Player,red,Defense,10.75029,-5.623418,True,10.75029,-2.0,Near Service Box,Right,5.623418,29.393417,17.508419,10.75029,0.21971035,5.26529
25,11,22,156,Player,red,Defense,-39.104286,-60.475254,True,-2.0,-2.0,Near Service Box,Left,60.475254,84.245255,72.36025,39.104286,50.074287,44.589287
25,13,326,123,Player,red,Defense,-5.8980384,-24.032478,True,-2.0,-2.0,Near Service Box,Left,24.032478,47.80248,35.91748,5.8980384,16.868038,11.3830385
25,15,176,123,Player,red,Defense,-19.79973,-45.26906,True,-2.0,-2.0,Near Service Box,Left,45.26906,69.03906,57.15406,19.79973,30.76973,25.28473
25,16,226,121,Player,red,Defense,-14.211424,-37.314053,True,-2.0,-2.0,Near Service Box,Left,37.314053,61.084053,49.19905,14.211424,25.181423,19.696424
25,63,1182,387,Player,red,Defense,11.779826,18.087032,False,11.779826,18.087032,Far Service Box,Right,18.087032,5.682968,6.202032,11.779826,0.8098259,6.294826
25,156,36,152,Player,red,Defense,-37.24559,-59.60626,True,-2.0,-2.0,Near Service Box,Left,59.60626,83.37626,71.49126,37.24559,48.21559,42.73059
25,0,633,364,Ball,blue,Ball,6.4481726,14.8284645,False,6.4481726,14.8284645,Far Court,Right,14.8284645,8.941536,2.9434643,6.4481726,4.5218277,0.96317244
25,158,1214,128,Player,red,Defense,14.158647,7.007054,True,12.97,7.007054,Near Court,Right,7.007054,16.762947,4.8779464,14.158647,3.1886463,8.673647
26,1,842,205,Player,red,Defense,9.624581,7.3442163,False,9.624581,7.3442163,Near Court,Right,7.3442163,16.425785,4.540784,9.624581,1.3454189,4.139581
26,2,256,358,Player,red,Defense,-1.039896,10.942295,False,-1.039896,10.942295,Near Court,Left,10.942295,12.827705,0.94270515,1.039896,12.009896,6.524896
26,3,697,488,Player,red,Defense,7.234837,20.123575,False,7.234837,20.123575,Far Service Box,Right,20.123575,3.6464252,8.238575,7.234837,3.7351632,1.7498369
26,4,404,160,Player,red,Defense,-0.49995375,-9.445654,True,-0.49995375,-2.0,Near Service Box,Left,9.445654,33.215652,21.330654,0.49995375,11.469954,5.984954
26,5,1189,282,Player,red,Defense,12.515055,14.424509,False,12.515055,14.424509,Far Court,Right,14.424509,9.345491,2.5395088,12.515055,1.5450544,7.0300546
26,6,970,164,Player,red,Defense,11.465985,6.21397,False,11.465985,6.21397,Near Service Box,Right,6.21397,17.55603,5.67103,11.465985,0.49598503,5.980985
26,7,51,149,Player,red,Defense,-34.876686,-57.59847,True,-2.0,-2.0,Near Service Box,Left,57.59847,81.36847,69.48347,34.876686,45.846687,40.361687
26,8,558,65,Player,red,Defense,3.5548477,-20.553438,True,3.5548477,-2.0,Near Service Box,Left,20.553438,44.32344,32.43844,3.5548477,7.4151525,1.9301524
26,10,851,67,Player,red,Defense,10.75029,-5.623418,True,10.75029,-2.0,Near Service Box,Right,5.623418,29.393417,17.508419,10.75029,0.21971035,5.26529
26,11,21,156,Player,red,Defense,-39.35629,-60.80426,True,-2.0,-2.0,Near Service Box,Left,60.80426,84.574265,72.68926,39.35629,50.32629,44.84129
26,13,326,123,Player,red,Defense,-5.8980384,-24.032478,True,-2.0,-2.0,Near Service Box,Left,24.032478,47.80248,35.91748,5.8980384,16.868038,11.3830385
26,15,176,123,Player,red,Defense,-19.79973,-45.26906,True,-2.0,-2.0,Near Service Box,Left,45.26906,69.03906,57.15406,19.79973,30.76973,25.28473
26,16,226,121,Player,red,Defense,-14.211424,-37.314053,True,-2.0,-2.0,Near Service Box,Left,37.314053,61.084053,49.19905,14.211424,25.181423,19.696424
26,63,1182,387,Player,red,Defense,11.779826,18.087032,False,11.779826,18.087032,Far Service Box,Right,18.087032,5.682968,6.202032,11.779826,0.8098259,6.294826
26,156,36,152,Player,red,Defense,-37.24559,-59.60626,True,-2.0,-2.0,Near Service Box,Left,59.60626,83.37626,71.49126,37.24559,48.21559,42.73059
26,0,633,365,Ball,blue,Ball,6.4488974,14.878714,False,6.4488974,14.878714,Far Court,Right,14.878714,8.891287,2.9937134,6.4488974,4.521103,0.9638972
26,158,1214,128,Player,red,Defense,14.158647,7.007054,True,12.97,7.007054,Near Court,Right,7.007054,16.762947,4.8779464,14.158647,3.1886463,8.673647
27,1,838,205,Player,red,Defense,9.57183,7.289549,False,9.57183,7.289549,Near Court,Right,7.289549,16.480452,4.5954514,9.57183,1.3981705,4.0868297
27,2,266,358,Player,red,Defense,-0.7651907,11.073747,False,-0.7651907,11.073747,Near Court,Left,11.073747,12.696254,0.81125355,0.7651907,11.735191,6.2501907
27,3,700,487,Player,red,Defense,7.2674174,20.096706,False,7.2674174,20.096706,Far Service Box,Right,20.096706,3.673294,8.211706,7.2674174,3.7025828,1.7824173
27,4,404,160,Player,red,Defense,-0.49995375,-9.445654,True,-0.49995375,-2.0,Near Service Box,Left,9.445654,33.215652,21.330654,0.49995375,11.469954,5.984954
27,5,1189,282,Player,red,Defense,12.515055,14.424509,False,12.515055,14.424509,Far Court,Right,14.424509,9.345491,2.5395088,12.515055,1.5450544,7.0300546
27,6,970,164,Player,red,Defense,11.465985,6.21397,False,11.465985,6.21397,Near Service Box,Right,6.21397,17.55603,5.67103,11.465985,0.49598503,5.980985
27,7,51,149,Player,red,Defense,-34.876686,-57.59847,True,-2.0,-2.0,Near Service Box,Left,57.59847,81.36847,69.48347,34.876686,45.846687,40.361687
27,8,558,65,Player,red,Defense,3.5548477,-20.553438,True,3.5548477,-2.0,Near Service Box,Left,20.553438,44.32344,32.43844,3.5548477,7.4151525,1.9301524
27,10,851,67,Player,red,Defense,10.75029,-5.623418,True,10.75029,-2.0,Near Service Box,Right,5.623418,29.393417,17.508419,10.75029,0.21971035,5.26529
27,11,21,156,Player,red,Defense,-39.35629,-60.80426,True,-2.0,-2.0,Near Service Box,Left,60.80426,84.574265,72.68926,39.35629,50.32629,44.84129
27,13,326,123,Player,red,Defense,-5.8980384,-24.032478,True,-2.0,-2.0,Near Service Box,Left,24.032478,47.80248,35.91748,5.8980384,16.868038,11.3830385
27,14,1134,116,Player,red,Defense,13.620256,5.1766076,True,12.97,5.1766076,Near Service Box,Right,5.1766076,18.593393,6.7083926,13.620256,2.6502562,8.135256
27,15,176,123,Player,red,Defense,-19.79973,-45.26906,True,-2.0,-2.0,Near Service Box,Left,45.26906,69.03906,57.15406,19.79973,30.76973,25.28473
27,16,226,121,Player,red,Defense,-14.211424,-37.314053,True,-2.0,-2.0,Near Service Box,Left,37.314053,61.084053,49.19905,14.211424,25.181423,19.696424
27,63,1182,387,Player,red,Defense,11.779826,18.087032,False,11.779826,18.087032,Far Service Box,Right,18.087032,5.682968,6.202032,11.779826,0.8098259,6.294826
27,156,36,152,Player,red,Defense,-37.24559,-59.60626,True,-2.0,-2.0,Near Service Box,Left,59.60626,83.37626,71.49126,37.24559,48.21559,42.73059
27,0,633,365,Ball,blue,Ball,6.4488974,14.878714,False,6.4488974,14.878714,Far Court,Right,14.878714,8.891287,2.9937134,6.4488974,4.521103,0.9638972
27,158,1213,128,Player,red,Defense,14.150652,6.9951305,True,12.97,6.9951305,Near Court,Right,6.9951305,16.77487,4.8898697,14.150652,3.1806517,8.665651
28,1,836,205,Player,red,Defense,9.54532,7.262076,False,9.54532,7.262076,Near Court,Right,7.262076,16.507925,4.6229243,9.54532,1.4246807,4.0603194
28,2,273,357,Player,red,Defense,-0.5937976,11.085512,False,-0.5937976,11.085512,Near Court,Left,11.085512,12.684488,0.79948807,0.5937976,11.563798,6.078798
28,3,705,486,Player,red,Defense,7.321257,20.073948,False,7.321257,20.073948,Far Service Box,Right,20.073948,3.6960526,8.188948,7.321257,3.6487432,1.836257
28,4,404,160,Player,red,Defense,-0.49995375,-9.445654,True,-0.49995375,-2.0,Near Service Box,Left,9.445654,33.215652,21.330654,0.49995375,11.469954,5.984954
28,5,1189,282,Player,red,Defense,12.515055,14.424509,False,12.515055,14.424509,Far Court,Right,14.424509,9.345491,2.5395088,12.515055,1.5450544,7.0300546
28,6,970,164,Player,red,Defense,11.465985,6.21397,False,11.465985,6.21397,Near Service Box,Right,6.21397,17.55603,5.67103,11.465985,0.49598503,5.980985
28,7,51,149,Player,red,Defense,-34.876686,-57.59847,True,-2.0,-2.0,Near Service Box,Left,57.59847,81.36847,69.48347,34.876686,45.846687,40.361687
28,8,558,65,Player,red,Defense,3.5548477,-20.553438,True,3.5548477,-2.0,Near Service Box,Left,20.553438,44.32344,32.43844,3.5548477,7.4151525,1.9301524
28,10,851,67,Player,red,Defense,10.75029,-5.623418,True,10.75029,-2.0,Near Service Box,Right,5.623418,29.393417,17.508419,10.75029,0.21971035,5.26529
28,11,21,156,Player,red,Defense,-39.35629,-60.80426,True,-2.0,-2.0,Near Service Box,Left,60.80426,84.574265,72.68926,39.35629,50.32629,44.84129
28,13,326,123,Player,red,Defense,-5.8980384,-24.032478,True,-2.0,-2.0,Near Service Box,Left,24.032478,47.80248,35.91748,5.8980384,16.868038,11.3830385
28,14,1134,116,Player,red,Defense,13.620256,5.1766076,True,12.97,5.1766076,Near Service Box,Right,5.1766076,18.593393,6.7083926,13.620256,2.6502562,8.135256
28,15,176,123,Player,red,Defense,-19.79973,-45.26906,True,-2.0,-2.0,Near Service Box,Left,45.26906,69.03906,57.15406,19.79973,30.76973,25.28473
28,16,226,121,Player,red,Defense,-14.211424,-37.314053,True,-2.0,-2.0,Near Service Box,Left,37.314053,61.084053,49.19905,14.211424,25.181423,19.696424
28,63,1182,387,Player,red,Defense,11.779826,18.087032,False,11.779826,18.087032,Far Service Box,Right,18.087032,5.682968,6.202032,11.779826,0.8098259,6.294826
28,156,36,152,Player,red,Defense,-37.24559,-59.60626,True,-2.0,-2.0,Near Service Box,Left,59.60626,83.37626,71.49126,37.24559,48.21559,42.73059
28,0,633,365,Ball,blue,Ball,6.4488974,14.878714,False,6.4488974,14.878714,Far Court,Right,14.878714,8.891287,2.9937134,6.4488974,4.521103,0.9638972
28,158,1213,128,Player,red,Defense,14.150652,6.9951305,True,12.97,6.9951305,Near Court,Right,6.9951305,16.77487,4.8898697,14.150652,3.1806517,8.665651
29,1,833,205,Player,red,Defense,9.505386,7.2206917,False,9.505386,7.2206917,Near Court,Right,7.2206917,16.549309,4.6643085,9.505386,1.4646139,4.020386
29,2,280,356,Player,red,Defense,-0.4240886,11.097162,False,-0.4240886,11.097162,Near Court,Left,11.097162,12.672838,0.787838,0.4240886,11.394089,5.9090886
29,3,708,486,Player,red,Defense,7.353095,20.080057,False,7.353095,20.080057,Far Service Box,Right,20.080057,3.6899433,8.195057,7.353095,3.6169052,1.8680949
29,4,404,160,Player,red,Defense,-0.49995375,-9.445654,True,-0.49995375,-2.0,Near Service Box,Left,9.445654,33.215652,21.330654,0.49995375,11.469954,5.984954
29,5,1189,282,Player,red,Defense,12.515055,14.424509,False,12.515055,14.424509,Far Court,Right,14.424509,9.345491,2.5395088,12.515055,1.5450544,7.0300546
29,6,970,164,Player,red,Defense,11.465985,6.21397,False,11.465985,6.21397,Near Service Box,Right,6.21397,17.55603,5.67103,11.465985,0.49598503,5.980985
29,7,51,148,Player,red,Defense,-35.22927,-58.461826,True,-2.0,-2.0,Near Service Box,Left,58.461826,82.23183,70.346825,35.22927,46.199272,40.71427
29,8,558,65,Player,red,Defense,3.5548477,-20.553438,True,3.5548477,-2.0,Near Service Box,Left,20.553438,44.32344,32.43844,3.5548477,7.4151525,1.9301524
29,10,851,66,Player,red,Defense,10.760194,-5.75199,True,10.760194,-2.0,Near Service Box,Right,5.75199,29.52199,17.63699,10.760194,0.20980644,5.2751937
29,11,21,157,Player,red,Defense,-38.951183,-59.88032,True,-2.0,-2.0,Near Service Box,Left,59.88032,83.65032,71.76532,38.951183,49.921185,44.436184
29,13,326,123,Player,red,Defense,-5.8980384,-24.032478,True,-2.0,-2.0,Near Service Box,Left,24.032478,47.80248,35.91748,5.8980384,16.868038,11.3830385
29,14,1134,116,Player,red,Defense,13.620256,5.1766076,True,12.97,5.1766076,Near Service Box,Right,5.1766076,18.593393,6.7083926,13.620256,2.6502562,8.135256
29,15,176,123,Player,red,Defense,-19.79973,-45.26906,True,-2.0,-2.0,Near Service Box,Left,45.26906,69.03906,57.15406,19.79973,30.76973,25.28473
29,16,226,121,Player,red,Defense,-14.211424,-37.314053,True,-2.0,-2.0,Near Service Box,Left,37.314053,61.084053,49.19905,14.211424,25.181423,19.696424
29,63,1183,387,Player,red,Defense,11.786761,18.08983,False,11.786761,18.08983,Far Service Box,Right,18.08983,5.68017,6.20483,11.786761,0.816761,6.301761
29,156,36,153,Player,red,Defense,-36.867744,-58.713528,True,-2.0,-2.0,Near Service Box,Left,58.713528,82.48353,70.598526,36.867744,47.837746,42.352745
29,0,634,365,Ball,blue,Ball,6.4629097,14.885155,False,6.4629097,14.885155,Far Court,Right,14.885155,8.884846,3.0001545,6.4629097,4.5070906,0.97790956
29,158,1215,128,Player,red,Defense,14.16663,7.01896,True,12.97,7.01896,Near Court,Right,7.01896,16.751041,4.86604,14.16663,3.1966295,8.681629
